"1","6/27/2013","18.00","19.25","17.80","18.66","34989500","0.00","33.27","31.97","-0.01","-0.05","0.24","0.84","0.00","0.00","0.00","0.00"
"2","6/28/2013","18.65","18.97","18.26","18.79","3850400","19.12","0.00","0.00","0.00","0.00","0.00","0.00","98.24","2.47","19.31","18.60"
"3","7/1/2013","18.78","19.20","18.53","18.92","2050900","19.10","0.00","0.00","0.00","0.00","0.00","0.00","99.04","1.66","18.86","18.76"
"4","7/2/2013","19.00","19.40","18.77","19.11","2127800","19.14","0.00","0.00","0.00","0.00","0.00","0.00","99.83","1.18","18.97","18.89"
"5","7/3/2013","19.25","19.55","19.12","19.38","1320900","19.32","0.00","0.00","0.00","0.00","0.00","0.00","99.67","1.08","19.21","19.04"
"6","7/5/2013","19.46","19.70","19.40","19.61","1445500","19.52","0.00","0.00","0.00","0.00","0.00","0.00","99.52","0.70","19.46","19.26"
"7","7/8/2013","19.75","19.87","19.56","19.80","1147300","19.73","0.00","0.00","0.00","0.00","0.00","0.00","99.64","0.61","19.71","19.44"
"8","7/9/2013","19.90","20.09","19.46","19.77","1610200","19.89","0.00","0.00","0.00","0.00","0.00","0.00","99.37","0.48","19.95","19.61"
"9","7/10/2013","19.63","19.65","19.29","19.50","991100","19.91","0.00","0.00","0.00","0.00","0.00","0.00","97.89","0.71","20.06","19.60"
"10","7/11/2013","19.42","19.78","19.28","19.30","1978900","19.64","0.00","0.00","0.00","0.00","0.00","0.00","98.23","0.72","19.67","19.39"
"11","7/12/2013","19.25","19.55","19.00","19.33","1402500","19.54","0.00","0.00","0.00","0.00","0.00","0.00","98.90","1.26","19.56","19.26"
"12","7/15/2013","19.35","19.48","19.05","19.32","1656600","19.48","0.00","0.00","0.00","0.00","0.00","0.00","99.19","0.76","19.44","19.22"
"13","7/16/2013","19.40","19.48","19.22","19.26","2158900","19.49","0.00","0.00","0.00","0.00","0.00","0.00","98.78","0.90","19.46","19.22"
"14","7/17/2013","19.21","19.42","19.04","19.05","3239800","19.50","0.00","0.00","0.00","0.00","0.00","0.00","97.62","1.27","19.45","19.20"
"15","7/18/2013","19.05","19.59","18.99","19.51","4891000","19.39","0.00","0.00","0.00","0.00","0.00","0.00","99.37","1.77","19.29","19.04"
"16","7/19/2013","19.37","20.59","19.34","20.36","5291900","19.75","0.00","0.00","0.00","0.00","0.00","0.00","97.01","1.23","19.62","19.29"
"17","7/22/2013","20.60","21.00","20.37","20.82","2767900","20.48","0.00","0.00","0.00","0.00","0.00","0.00","98.35","0.57","20.52","19.93"
"18","7/23/2013","20.84","21.55","20.12","21.49","2418900","20.93","0.00","0.00","0.00","0.00","0.00","0.00","97.40","0.54","21.16","20.47"
"19","7/24/2013","21.71","21.92","20.67","21.64","1160700","21.42","0.00","0.00","0.00","0.00","0.00","0.00","98.99","-0.32","21.77","20.93"
"20","7/25/2013","21.65","21.95","21.15","21.29","939900","21.60","0.00","0.00","0.00","0.00","0.00","0.00","98.52","-0.16","22.10","21.19"
"21","7/26/2013","21.47","21.62","21.25","21.39","399900","21.38","0.00","0.00","0.00","0.00","0.00","0.00","99.97","0.44","21.84","21.02"
"22","7/29/2013","21.39","21.49","20.99","21.20","458400","21.42","0.00","0.00","0.00","0.00","0.00","0.00","98.96","0.14","21.77","21.08"
"23","7/30/2013","21.52","21.75","21.09","21.40","343600","21.23","0.00","0.00","0.00","0.00","0.00","0.00","99.22","0.16","21.61","20.90"
"24","7/31/2013","21.45","21.55","21.21","21.44","375000","21.41","0.00","0.00","0.00","0.00","0.00","0.00","99.85","0.04","21.82","21.08"
"25","8/1/2013","21.59","22.43","21.41","22.08","3734400","21.45","0.00","0.00","0.00","0.00","0.00","0.00","97.14","0.04","21.79","21.11"
"26","8/2/2013","22.06","22.62","22.02","22.57","1777700","22.25","0.00","0.00","0.00","0.00","0.00","0.00","98.57","0.75","22.54","21.66"
"27","8/5/2013","22.52","23.33","22.52","23.00","1470200","22.63","0.00","0.00","0.00","0.00","0.00","0.00","98.39","0.26","22.93","22.14"
"28","8/6/2013","23.73","23.83","22.66","23.40","3294100","23.07","0.00","0.00","0.00","0.00","0.00","0.00","98.58","0.30","23.41","22.60"
"29","8/7/2013","23.42","23.65","23.15","23.28","1449900","23.59","0.00","0.00","0.00","0.00","0.00","0.00","98.67","0.81","24.00","23.00"
"30","8/8/2013","23.36","23.43","23.11","23.27","780900","23.42","0.00","0.00","0.00","0.00","0.00","0.00","99.36","0.59","23.79","22.96"
"31","8/9/2013","23.68","23.75","23.00","23.08","669900","23.34","0.00","0.00","0.00","0.00","0.00","0.00","98.85","0.32","23.71","22.93"
"32","8/12/2013","24.00","24.00","23.36","23.47","1534800","23.17","0.00","0.00","0.00","0.00","0.00","0.00","98.71","0.38","23.65","22.78"
"33","8/13/2013","23.70","23.95","23.23","23.90","1582900","23.62","0.00","0.00","0.00","0.00","0.00","0.00","98.84","0.65","24.04","23.16"
"34","8/14/2013","24.06","24.20","23.60","23.67","713000","23.97","0.00","0.00","0.00","0.00","0.00","0.00","98.75","0.28","24.31","23.48"
"35","8/15/2013","23.75","23.75","22.60","22.81","1590800","23.76","0.00","0.00","0.00","0.00","0.00","0.00","95.84","0.38","24.18","23.36"
"36","8/16/2013","22.84","23.42","22.83","23.18","1055200","22.96","0.00","0.00","0.00","0.00","0.00","0.00","99.05","0.66","23.52","22.51"
"37","8/19/2013","23.28","23.48","22.68","22.69","757100","23.24","0.00","0.00","0.00","0.00","0.00","0.00","97.57","0.27","23.59","22.80"
"38","8/20/2013","23.02","23.83","22.35","23.25","1211100","22.80","0.00","0.00","0.00","0.00","0.00","0.00","98.06","0.48","23.30","22.41"
"39","8/21/2013","23.36","23.85","22.97","23.37","982900","23.25","0.00","0.00","0.00","0.00","0.00","0.00","99.47","-0.01","23.73","22.80"
"40","8/22/2013","23.44","23.77","22.95","23.34","550700","23.43","0.00","0.00","0.00","0.00","0.00","0.00","99.62","0.25","23.85","23.00"
"41","8/23/2013","23.47","23.79","22.89","23.55","718100","23.36","0.00","0.00","0.00","0.00","0.00","0.00","99.21","0.11","23.81","22.97"
"42","8/26/2013","23.72","23.81","23.32","23.81","662200","23.54","0.00","0.00","0.00","0.00","0.00","0.00","98.88","-0.02","23.97","23.13"
"43","8/27/2013","23.69","23.69","22.58","22.88","907700","23.82","0.00","0.00","0.00","0.00","0.00","0.00","95.87","0.06","24.19","23.41"
"44","8/28/2013","22.95","23.25","22.50","22.87","384800","22.96","0.00","0.00","0.00","0.00","0.00","0.00","99.61","0.35","23.52","22.55"
"45","8/29/2013","22.85","23.38","22.55","23.04","463000","22.88","0.00","0.00","0.00","0.00","0.00","0.00","99.30","0.04","23.33","22.50"
"46","8/30/2013","23.09","23.09","22.70","22.74","255300","23.03","0.00","0.00","0.00","0.00","0.00","0.00","98.71","-0.03","23.45","22.64"
"47","9/3/2013","22.92","23.22","22.81","23.01","536600","22.79","0.00","0.00","0.00","0.00","0.00","0.00","99.06","0.23","23.22","22.43"
"48","9/4/2013","23.01","23.31","22.79","23.22","639700","23.05","0.00","0.00","0.00","0.00","0.00","0.00","99.28","0.19","23.42","22.66"
"49","9/5/2013","23.35","24.30","23.32","23.95","1143300","23.24","0.00","0.00","0.00","0.00","0.00","0.00","97.02","0.07","23.60","22.82"
"50","9/6/2013","24.05","24.22","23.77","23.95","772100","23.99","0.00","0.00","0.00","0.00","0.00","0.00","99.84","0.16","24.34","23.54"
"51","9/9/2013","24.20","25.06","24.01","24.75","2259500","24.03","0.00","0.00","0.00","0.00","0.00","0.00","97.07","0.32","24.39","23.61"
"52","9/10/2013","22.60","22.65","21.29","21.97","9570200","24.86","0.00","0.00","0.00","0.00","0.00","0.00","86.82","0.46","25.17","24.34"
"53","9/11/2013","21.71","22.37","21.42","22.18","2597700","22.50","0.00","0.00","0.00","0.00","0.00","0.00","98.56","2.41","22.80","21.67"
"54","9/12/2013","22.12","23.13","22.12","22.71","1800700","22.25","0.00","0.00","0.00","0.00","0.00","0.00","98.00","0.34","22.59","21.73"
"55","9/13/2013","22.68","23.15","22.51","22.87","748400","22.78","0.00","0.00","0.00","0.00","0.00","0.00","99.59","0.29","23.13","22.29"
"56","9/16/2013","23.22","23.34","22.51","22.89","634000","22.90","0.00","0.00","0.00","0.00","0.00","0.00","99.95","0.14","23.29","22.49"
"57","9/17/2013","22.83","23.20","22.83","23.05","1086200","22.92","0.00","0.00","0.00","0.00","0.00","0.00","99.45","0.15","23.40","22.53"
"58","9/18/2013","23.00","23.50","22.68","23.12","1811000","23.13","0.00","0.00","0.00","0.00","0.00","0.00","99.95","0.36","23.46","22.69"
"59","9/19/2013","23.21","23.50","23.10","23.34","2032100","23.23","0.00","0.00","0.00","0.00","0.00","0.00","99.54","0.49","23.61","22.74"
"60","9/20/2013","23.43","23.78","22.64","22.75","3576100","23.50","0.00","0.00","0.00","0.00","0.00","0.00","96.69","0.70","23.81","22.99"
"61","9/23/2013","22.72","22.90","21.94","21.98","1813300","23.06","0.00","0.00","0.00","0.00","0.00","0.00","95.07","1.38","23.51","22.49"
"62","9/24/2013","22.11","22.74","21.92","22.38","760900","22.17","0.00","0.00","0.00","0.00","0.00","0.00","99.06","0.86","22.69","21.72"
"63","9/25/2013","23.49","23.49","22.11","22.15","459500","22.39","0.00","0.00","0.00","0.00","0.00","0.00","98.93","0.03","22.79","21.99"
"64","9/26/2013","22.11","22.62","22.11","22.47","934000","22.26","0.00","0.00","0.00","0.00","0.00","0.00","99.07","0.50","22.96","21.92"
"65","9/27/2013","22.31","22.46","21.87","22.03","1382400","22.50","0.00","0.00","0.00","0.00","0.00","0.00","97.87","0.13","22.83","22.08"
"66","9/30/2013","21.72","22.28","21.52","21.97","4945100","22.14","0.00","0.00","0.00","0.00","0.00","0.00","99.21","0.52","22.56","21.71"
"67","10/1/2013","21.84","22.44","21.79","22.22","1015500","22.26","0.00","0.00","0.00","0.00","0.00","0.00","99.84","1.30","22.50","21.60"
"68","10/2/2013","22.00","22.84","21.88","22.40","885000","22.24","0.00","0.00","0.00","0.00","0.00","0.00","99.28","0.08","22.59","21.82"
"69","10/3/2013","22.56","22.58","22.03","22.15","637900","22.40","0.00","0.00","0.00","0.00","0.00","0.00","98.85","0.02","22.81","22.00"
"70","10/4/2013","22.21","22.43","22.09","22.20","409100","22.22","0.00","0.00","0.00","0.00","0.00","0.00","99.91","0.32","22.68","21.84"
"71","10/7/2013","21.91","22.11","21.54","21.87","896200","22.24","0.00","0.00","0.00","0.00","0.00","0.00","98.32","0.17","22.61","21.87"
"72","10/8/2013","21.85","21.87","21.04","21.09","1306400","21.91","0.00","0.00","0.00","0.00","0.00","0.00","96.13","0.17","22.30","21.51"
"73","10/9/2013","21.08","21.26","20.68","20.84","958200","21.25","0.00","0.00","0.00","0.00","0.00","0.00","98.03","0.76","21.76","20.87"
"74","10/10/2013","21.06","21.14","20.78","21.02","1069200","20.92","0.00","0.00","0.00","0.00","0.00","0.00","99.55","0.41","21.29","20.58"
"75","10/11/2013","21.00","21.07","20.41","21.00","2069300","21.07","0.00","0.00","0.00","0.00","0.00","0.00","99.65","0.25","21.37","20.70"
"76","10/14/2013","20.79","21.35","20.33","21.31","646200","21.06","0.00","0.00","0.00","0.00","0.00","0.00","98.84","0.29","21.37","20.62"
"77","10/15/2013","21.15","21.29","20.47","20.47","2057200","21.19","0.00","0.00","0.00","0.00","0.00","0.00","96.48","-0.56","21.53","20.84"
"78","10/16/2013","20.59","20.78","19.97","20.37","4497800","20.70","0.00","0.00","0.00","0.00","0.00","0.00","98.39","1.12","21.13","20.30"
"79","10/17/2013","20.33","20.65","19.97","20.53","2197100","20.64","0.00","0.00","0.00","0.00","0.00","0.00","99.44","1.35","20.90","20.11"
"80","10/18/2013","20.70","21.14","20.37","20.96","1349600","20.59","0.00","0.00","0.00","0.00","0.00","0.00","98.25","0.31","20.81","20.18"
"81","10/21/2013","21.05","21.42","20.47","20.60","1975700","20.96","0.00","0.00","0.00","0.00","0.00","0.00","98.24","0.01","21.26","20.58"
"82","10/22/2013","20.61","21.56","20.61","21.39","2043000","20.79","0.00","0.00","0.00","0.00","0.00","0.00","97.17","0.90","21.21","20.39"
"83","10/23/2013","21.35","21.38","20.92","21.12","687600","21.38","0.00","0.00","0.00","0.00","0.00","0.00","98.79","-0.07","21.63","20.93"
"84","10/24/2013","21.10","21.67","20.97","21.67","862600","21.17","0.00","0.00","0.00","0.00","0.00","0.00","97.70","0.25","21.54","20.83"
"85","10/25/2013","21.75","22.71","21.67","22.16","998400","21.61","0.00","0.00","0.00","0.00","0.00","0.00","97.50","-0.30","21.91","21.22"
"86","10/28/2013","22.10","22.36","21.68","21.68","1071800","22.17","0.00","0.00","0.00","0.00","0.00","0.00","97.72","0.06","22.58","21.77"
"87","10/29/2013","21.85","22.06","21.33","21.73","1066700","21.80","0.00","0.00","0.00","0.00","0.00","0.00","99.66","0.58","22.26","21.42"
"88","10/30/2013","21.74","21.77","20.95","20.97","2391900","21.77","0.00","0.00","0.00","0.00","0.00","0.00","96.17","0.20","22.20","21.37"
"89","10/31/2013","20.94","20.99","19.88","20.19","2367700","21.21","0.00","0.00","0.00","0.00","0.00","0.00","94.96","1.13","21.68","20.76"
"90","11/1/2013","20.17","20.39","19.83","19.84","1819600","20.42","0.00","0.00","0.00","0.00","0.00","0.00","97.09","1.13","20.87","20.02"
"91","11/4/2013","19.88","20.37","19.88","20.28","707900","20.05","0.00","0.00","0.00","0.00","0.00","0.00","98.87","1.06","20.26","19.72"
"92","11/5/2013","20.33","21.75","20.33","20.80","4787100","20.27","0.00","0.00","0.00","0.00","0.00","0.00","97.46","-0.04","20.39","19.99"
"93","11/6/2013","20.87","20.87","20.17","20.28","1507900","21.05","0.00","0.00","0.00","0.00","0.00","0.00","96.22","1.18","21.32","20.49"
"94","11/7/2013","20.35","20.61","19.69","19.70","1213100","20.46","0.00","0.00","0.00","0.00","0.00","0.00","96.16","0.87","20.83","20.11"
"95","11/8/2013","19.70","20.20","19.65","19.83","1219700","19.94","0.00","0.00","0.00","0.00","0.00","0.00","99.46","1.20","20.28","19.66"
"96","11/11/2013","19.89","20.22","19.67","20.03","946600","19.94","0.00","0.00","0.00","0.00","0.00","0.00","99.54","0.55","20.04","19.66"
"97","11/12/2013","19.92","20.03","19.55","19.97","806100","20.08","0.00","0.00","0.00","0.00","0.00","0.00","99.44","0.26","20.22","19.80"
"98","11/13/2013","19.93","20.33","19.80","20.29","975900","20.01","0.00","0.00","0.00","0.00","0.00","0.00","98.64","0.22","20.14","19.73"
"99","11/14/2013","20.21","20.77","19.92","20.53","999600","20.29","0.00","0.00","0.00","0.00","0.00","0.00","98.81","-0.02","20.41","19.98"
"100","11/15/2013","20.74","21.02","20.67","20.86","1381500","20.52","0.00","0.00","0.00","0.00","0.00","0.00","98.35","-0.07","20.76","20.19"
"101","11/18/2013","20.95","21.06","20.60","20.76","1136500","20.93","0.00","0.00","0.00","0.00","0.00","0.00","99.18","0.34","21.17","20.55"
"102","11/19/2013","20.97","20.98","20.55","20.75","600500","20.85","0.00","0.00","0.00","0.00","0.00","0.00","99.52","0.43","21.16","20.49"
"103","11/20/2013","20.86","21.00","20.50","20.67","490500","20.80","0.00","0.00","0.00","0.00","0.00","0.00","99.36","0.25","21.13","20.48"
"104","11/21/2013","20.67","21.02","20.42","21.01","493100","20.72","0.00","0.00","0.00","0.00","0.00","0.00","98.64","0.26","21.05","20.42"
"105","11/22/2013","21.02","21.17","20.80","21.04","599600","20.95","0.00","0.00","0.00","0.00","0.00","0.00","99.57","-0.29","21.22","20.62"
"106","11/25/2013","21.05","21.18","20.82","20.90","499000","21.06","0.00","0.00","0.00","0.00","0.00","0.00","99.23","0.10","21.36","20.73"
"107","11/26/2013","20.88","21.26","20.86","20.97","1197200","20.96","0.00","0.00","0.00","0.00","0.00","0.00","99.93","0.27","21.27","20.64"
"108","11/27/2013","20.98","21.14","20.82","21.06","547900","21.05","0.00","0.00","0.00","0.00","0.00","0.00","99.94","0.37","21.32","20.68"
"109","11/29/2013","21.13","21.38","20.96","21.07","382900","21.07","0.00","0.00","0.00","0.00","0.00","0.00","99.99","0.06","21.35","20.74"
"110","12/2/2013","21.28","21.66","21.05","21.52","883100","21.11","0.00","0.00","0.00","0.00","0.00","0.00","98.08","0.18","21.44","20.79"
"111","12/3/2013","21.37","21.45","21.18","21.22","385100","21.51","0.00","0.00","0.00","0.00","0.00","0.00","98.62","-0.03","21.85","21.13"
"112","12/4/2013","21.03","21.37","20.69","20.94","1053300","21.27","0.00","0.00","0.00","0.00","0.00","0.00","98.43","0.23","21.60","20.94"
"113","12/5/2013","20.95","20.97","20.64","20.72","347800","21.01","0.00","0.00","0.00","0.00","0.00","0.00","98.62","0.32","21.36","20.65"
"114","12/6/2013","20.98","21.30","20.66","21.06","474600","20.78","0.00","0.00","0.00","0.00","0.00","0.00","98.65","0.27","21.09","20.48"
"115","12/9/2013","21.03","21.76","20.99","21.65","2387800","21.05","0.00","0.00","0.00","0.00","0.00","0.00","97.23","-0.04","21.39","20.73"
"116","12/10/2013","22.55","23.50","22.22","23.01","3192500","21.69","0.00","0.00","0.00","0.00","0.00","0.00","94.28","0.20","21.96","21.21"
"117","12/11/2013","23.07","23.37","22.81","23.00","1300000","23.16","0.00","0.00","0.00","0.00","0.00","0.00","99.29","0.67","23.52","22.58"
"118","12/12/2013","21.87","23.16","21.70","23.09","1592500","23.11","0.00","0.00","0.00","0.00","0.00","0.00","99.90","0.49","23.49","22.66"
"119","12/13/2013","23.22","23.22","22.71","22.98","881700","23.00","0.00","0.00","0.00","0.00","0.00","0.00","99.93","-0.41","23.34","22.50"
"120","12/16/2013","23.68","23.89","22.88","23.18","2134300","23.05","0.00","0.00","0.00","0.00","0.00","0.00","99.42","0.29","23.46","22.63"
"121","12/17/2013","23.24","23.49","22.94","23.11","648200","23.35","0.00","0.00","0.00","0.00","0.00","0.00","98.95","0.75","23.81","22.85"
"122","12/18/2013","23.24","24.30","23.19","24.26","1170100","23.17","0.00","0.00","0.00","0.00","0.00","0.00","95.53","0.28","23.58","22.77"
"123","12/19/2013","24.18","24.36","23.80","23.95","612300","24.23","0.00","0.00","0.00","0.00","0.00","0.00","98.85","-0.14","24.55","23.76"
"124","12/20/2013","24.00","24.50","23.76","24.33","1387800","24.02","0.00","0.00","0.00","0.00","0.00","0.00","98.71","0.28","24.42","23.62"
"125","12/23/2013","24.47","24.79","24.23","24.53","721600","24.40","0.00","0.00","0.00","0.00","0.00","0.00","99.46","0.28","24.73","23.93"
"126","12/24/2013","24.88","24.88","24.26","24.33","589000","24.58","0.00","0.00","0.00","0.00","0.00","0.00","98.97","0.20","24.94","24.17"
"127","12/26/2013","24.34","24.54","24.04","24.16","639100","24.40","0.00","0.00","0.00","0.00","0.00","0.00","99.01","0.28","24.82","24.01"
"128","12/27/2013","24.11","24.60","24.01","24.45","657500","24.23","0.00","0.00","0.00","0.00","0.00","0.00","99.11","0.30","24.61","23.83"
"129","12/30/2013","24.03","24.55","23.85","24.13","767300","24.47","0.00","0.00","0.00","0.00","0.00","0.00","98.57","0.10","24.82","24.06"
"130","12/31/2013","24.27","24.29","23.79","24.01","789300","24.19","0.00","0.00","0.00","0.00","0.00","0.00","99.25","0.25","24.57","23.78"
"131","1/2/2014","23.35","24.00","23.27","23.73","1154000","24.08","0.00","0.00","0.00","0.00","0.00","0.00","98.53","0.29","24.47","23.66"
"132","1/3/2014","24.03","24.03","23.42","23.44","927700","23.79","0.00","0.00","0.00","0.00","0.00","0.00","98.49","0.27","24.14","23.34"
"133","1/6/2014","23.46","23.60","22.62","22.71","1277600","23.56","0.00","0.00","0.00","0.00","0.00","0.00","96.27","0.50","24.00","23.14"
"134","1/7/2014","22.97","23.34","22.93","23.12","1175700","22.85","0.00","0.00","0.00","0.00","0.00","0.00","98.84","0.62","23.38","22.43"
"135","1/8/2014","22.89","23.26","22.86","23.19","992800","23.22","0.00","0.00","0.00","0.00","0.00","0.00","99.88","0.43","23.56","22.77"
"136","1/9/2014","24.72","24.75","22.73","23.74","1765700","23.25","0.00","0.00","0.00","0.00","0.00","0.00","97.93","0.25","23.57","22.81"
"137","1/10/2014","23.75","24.35","23.48","24.30","1040700","23.77","0.00","0.00","0.00","0.00","0.00","0.00","97.83","0.13","24.39","23.30"
"138","1/13/2014","24.03","24.30","23.34","23.36","660300","24.30","0.00","0.00","0.00","0.00","0.00","0.00","95.99","-0.01","24.64","23.85"
"139","1/14/2014","23.34","23.72","23.03","23.18","675600","23.46","0.00","0.00","0.00","0.00","0.00","0.00","98.81","0.41","23.97","23.07"
"140","1/15/2014","23.19","24.01","23.04","23.58","569000","23.25","0.00","0.00","0.00","0.00","0.00","0.00","98.61","0.31","23.68","22.86"
"141","1/16/2014","23.54","24.06","23.46","23.97","401100","23.58","0.00","0.00","0.00","0.00","0.00","0.00","98.37","0.00","23.98","23.18"
"142","1/17/2014","24.00","24.19","23.53","23.76","691600","23.96","0.00","0.00","0.00","0.00","0.00","0.00","99.16","-0.04","24.31","23.56"
"143","1/21/2014","23.81","24.06","23.61","23.73","668900","23.82","0.00","0.00","0.00","0.00","0.00","0.00","99.61","0.26","24.24","23.42"
"144","1/22/2014","23.82","23.94","23.35","23.61","469800","23.81","0.00","0.00","0.00","0.00","0.00","0.00","99.17","0.32","24.18","23.40"
"145","1/23/2014","23.54","23.75","23.14","23.31","679700","23.65","0.00","0.00","0.00","0.00","0.00","0.00","98.55","0.16","24.07","23.26"
"146","1/24/2014","23.19","23.31","22.32","22.53","702100","23.38","0.00","0.00","0.00","0.00","0.00","0.00","96.23","0.30","23.80","22.98"
"147","1/27/2014","22.64","22.89","21.94","22.78","749100","22.61","0.00","0.00","0.00","0.00","0.00","0.00","99.24","0.34","23.15","22.22"
"148","1/28/2014","22.07","22.64","21.38","21.76","3442100","22.74","0.00","0.00","0.00","0.00","0.00","0.00","95.52","-0.20","23.18","22.32"
"149","1/29/2014","21.70","22.24","21.46","21.69","1384900","22.00","0.00","0.00","0.00","0.00","0.00","0.00","98.59","1.08","22.46","21.45"
"150","1/30/2014","21.89","22.37","21.52","21.65","1833200","21.78","0.00","0.00","0.00","0.00","0.00","0.00","99.40","0.42","22.18","21.37"
"151","1/31/2014","21.41","22.35","21.41","21.47","840400","21.80","0.00","0.00","0.00","0.00","0.00","0.00","98.46","0.70","22.24","21.36"
"152","2/3/2014","21.43","21.53","20.59","20.90","1264700","21.55","0.00","0.00","0.00","0.00","0.00","0.00","96.88","0.38","21.98","21.20"
"153","2/4/2014","21.06","21.74","20.92","21.60","1052000","21.01","0.00","0.00","0.00","0.00","0.00","0.00","97.26","0.52","21.49","20.64"
"154","2/5/2014","21.67","21.67","21.05","21.41","792600","21.56","0.00","0.00","0.00","0.00","0.00","0.00","99.32","-0.20","21.87","21.16"
"155","2/6/2014","21.53","22.27","21.05","22.09","857600","21.45","0.00","0.00","0.00","0.00","0.00","0.00","97.08","0.17","21.86","21.07"
"156","2/7/2014","22.09","22.29","21.65","21.72","959700","21.99","0.00","0.00","0.00","0.00","0.00","0.00","98.75","-0.45","22.40","21.59"
"157","2/10/2014","21.69","21.75","21.44","21.61","338600","21.82","0.00","0.00","0.00","0.00","0.00","0.00","99.02","0.47","22.27","21.44"
"158","2/11/2014","21.63","22.50","21.55","21.96","1070400","21.63","0.00","0.00","0.00","0.00","0.00","0.00","98.49","0.09","21.99","21.28"
"159","2/12/2014","21.93","22.44","21.89","22.20","615200","21.99","0.00","0.00","0.00","0.00","0.00","0.00","99.05","0.14","22.39","21.59"
"160","2/13/2014","22.10","22.25","21.83","22.18","638800","22.21","0.00","0.00","0.00","0.00","0.00","0.00","99.86","0.05","22.57","21.83"
"161","2/14/2014","22.19","22.44","21.99","22.07","755100","22.19","0.00","0.00","0.00","0.00","0.00","0.00","99.45","0.05","22.56","21.80"
"162","2/18/2014","22.06","22.53","21.52","21.68","963000","22.14","0.00","0.00","0.00","0.00","0.00","0.00","97.86","0.33","22.54","21.76"
"163","2/19/2014","21.68","22.60","21.56","21.63","1990200","21.78","0.00","0.00","0.00","0.00","0.00","0.00","99.32","0.45","22.29","21.40"
"164","2/20/2014","21.58","21.75","21.20","21.36","1170100","21.80","0.00","0.00","0.00","0.00","0.00","0.00","97.95","0.78","22.23","21.36"
"165","2/21/2014","21.35","22.11","21.31","22.03","966600","21.45","0.00","0.00","0.00","0.00","0.00","0.00","97.37","0.42","21.84","21.06"
"166","2/24/2014","22.09","22.50","21.96","22.16","609200","21.98","0.00","0.00","0.00","0.00","0.00","0.00","99.17","-0.25","22.29","21.57"
"167","2/25/2014","22.28","22.47","21.87","22.17","441100","22.20","0.00","0.00","0.00","0.00","0.00","0.00","99.87","0.17","22.58","21.82"
"168","2/26/2014","22.24","22.99","22.13","22.75","918200","22.19","0.00","0.00","0.00","0.00","0.00","0.00","97.52","0.08","22.61","21.82"
"169","2/27/2014","22.63","23.20","22.27","23.17","958300","22.74","0.00","0.00","0.00","0.00","0.00","0.00","98.16","-0.03","23.11","22.32"
"170","2/28/2014","23.17","23.51","22.73","23.27","1084300","23.13","0.00","0.00","0.00","0.00","0.00","0.00","99.39","-0.18","23.50","22.68"
"171","3/3/2014","23.07","23.41","23.00","23.09","687200","23.31","0.00","0.00","0.00","0.00","0.00","0.00","99.05","0.17","23.71","22.87"
"172","3/4/2014","23.24","23.55","23.17","23.39","821900","23.17","0.00","0.00","0.00","0.00","0.00","0.00","99.05","0.33","23.54","22.76"
"173","3/5/2014","23.31","24.20","23.05","23.73","1340200","23.46","0.00","0.00","0.00","0.00","0.00","0.00","98.85","0.29","23.80","23.04"
"174","3/6/2014","24.59","24.59","23.38","24.20","577000","23.78","0.00","0.00","0.00","0.00","0.00","0.00","98.24","0.19","24.17","23.31"
"175","3/7/2014","24.30","24.30","23.92","24.23","329400","24.15","0.00","0.00","0.00","0.00","0.00","0.00","99.68","-0.19","24.65","23.75"
"176","3/10/2014","24.15","24.26","23.65","24.03","482500","24.24","0.00","0.00","0.00","0.00","0.00","0.00","99.12","0.05","24.61","23.85"
"177","3/11/2014","24.02","24.30","23.54","23.58","484800","24.05","0.00","0.00","0.00","0.00","0.00","0.00","98.02","0.07","24.45","23.65"
"178","3/12/2014","23.34","23.40","22.91","23.20","1006900","23.66","0.00","0.00","0.00","0.00","0.00","0.00","98.04","0.32","24.12","23.28"
"179","3/13/2014","23.18","23.33","22.92","22.99","318200","23.27","0.00","0.00","0.00","0.00","0.00","0.00","98.76","0.32","23.66","22.84"
"180","3/14/2014","23.01","23.22","22.49","22.54","679600","23.04","0.00","0.00","0.00","0.00","0.00","0.00","97.77","0.23","23.45","22.67"
"181","3/17/2014","22.66","22.91","22.38","22.47","823000","22.63","0.00","0.00","0.00","0.00","0.00","0.00","99.28","0.41","23.12","22.25"
"182","3/18/2014","22.50","23.43","22.50","23.39","1176300","22.56","0.00","0.00","0.00","0.00","0.00","0.00","96.43","0.38","22.97","22.16"
"183","3/19/2014","23.65","23.93","22.81","23.59","535800","23.37","0.00","0.00","0.00","0.00","0.00","0.00","99.05","-0.10","23.69","22.90"
"184","3/20/2014","23.57","23.57","23.00","23.32","872600","23.55","0.00","0.00","0.00","0.00","0.00","0.00","99.00","-0.16","24.03","23.15"
"185","3/21/2014","23.49","23.50","22.96","23.19","2026800","23.38","0.00","0.00","0.00","0.00","0.00","0.00","99.18","0.26","23.80","22.96"
"186","3/24/2014","23.17","23.22","22.25","23.07","2155400","23.36","0.00","0.00","0.00","0.00","0.00","0.00","98.75","0.73","23.73","22.86"
"187","3/25/2014","24.50","25.24","24.50","24.96","3869200","23.15","0.00","0.00","0.00","0.00","0.00","0.00","92.75","0.35","23.57","22.63"
"188","3/26/2014","25.25","26.85","25.23","25.75","4751500","25.24","0.00","0.00","0.00","0.00","0.00","0.00","98.00","1.10","25.46","24.63"
"189","3/27/2014","25.80","25.85","24.76","25.69","2010100","26.03","0.00","0.00","0.00","0.00","0.00","0.00","98.68","1.08","26.32","25.44"
"190","3/28/2014","25.95","27.02","25.95","26.68","1669700","25.71","0.00","0.00","0.00","0.00","0.00","0.00","96.37","0.09","26.08","25.24"
"191","3/31/2014","25.84","26.47","25.38","26.15","1574700","26.70","0.00","0.00","0.00","0.00","0.00","0.00","97.90","0.07","27.03","26.26"
"192","4/1/2014","26.23","26.75","25.77","26.60","879700","26.16","0.00","0.00","0.00","0.00","0.00","0.00","98.35","0.04","26.52","25.72"
"193","4/2/2014","26.61","26.80","26.23","26.44","825900","26.52","0.00","0.00","0.00","0.00","0.00","0.00","99.68","-0.28","26.89","26.13"
"194","4/3/2014","26.47","26.70","26.07","26.63","1100400","26.46","0.00","0.00","0.00","0.00","0.00","0.00","99.37","0.09","26.83","26.07"
"195","4/4/2014","26.82","27.39","26.52","26.86","1432300","26.62","0.00","0.00","0.00","0.00","0.00","0.00","99.10","-0.05","26.96","26.21"
"196","4/7/2014","26.74","26.80","25.65","25.84","1988800","26.91","0.00","0.00","0.00","0.00","0.00","0.00","95.88","0.17","27.27","26.49"
"197","4/8/2014","25.78","26.15","25.26","25.46","918000","25.95","0.00","0.00","0.00","0.00","0.00","0.00","98.08","0.42","26.36","25.51"
"198","4/9/2014","25.58","25.96","25.44","25.87","496100","25.51","0.00","0.00","0.00","0.00","0.00","0.00","98.63","0.21","25.91","25.11"
"199","4/10/2014","25.91","26.17","25.26","25.31","840900","25.85","0.00","0.00","0.00","0.00","0.00","0.00","97.85","-0.06","26.19","25.47"
"200","4/11/2014","25.00","25.52","24.84","24.89","992400","25.38","0.00","0.00","0.00","0.00","0.00","0.00","98.04","0.27","25.80","24.99"
"201","4/14/2014","25.13","25.44","24.70","24.93","617100","25.00","0.00","0.00","0.00","0.00","0.00","0.00","99.73","0.43","25.36","24.58"
"202","4/15/2014","24.95","25.41","24.52","25.13","885800","24.97","0.00","0.00","0.00","0.00","0.00","0.00","99.36","0.16","25.37","24.58"
"203","4/16/2014","25.27","25.61","25.05","25.26","617500","25.14","0.00","0.00","0.00","0.00","0.00","0.00","99.51","0.02","25.51","24.72"
"204","4/17/2014","25.27","26.26","25.02","25.55","762500","25.30","0.00","0.00","0.00","0.00","0.00","0.00","99.02","0.16","25.66","24.91"
"205","4/21/2014","25.56","26.10","25.24","25.89","615400","25.55","0.00","0.00","0.00","0.00","0.00","0.00","98.68","-0.01","25.95","25.15"
"206","4/22/2014","25.86","26.43","25.67","26.27","604300","25.85","0.00","0.00","0.00","0.00","0.00","0.00","98.39","-0.17","26.21","25.46"
"207","4/23/2014","26.25","26.78","26.01","26.30","704800","26.23","0.00","0.00","0.00","0.00","0.00","0.00","99.72","-0.17","26.58","25.84"
"208","4/24/2014","26.26","26.71","26.26","26.49","544800","26.31","0.00","0.00","0.00","0.00","0.00","0.00","99.32","0.03","26.68","25.92"
"209","4/25/2014","26.41","26.54","25.64","25.93","717400","26.50","0.00","0.00","0.00","0.00","0.00","0.00","97.81","0.03","26.84","26.11"
"210","4/28/2014","26.07","26.35","25.72","26.22","1329600","25.93","0.00","0.00","0.00","0.00","0.00","0.00","98.90","0.00","26.34","25.55"
"211","4/29/2014","26.30","26.76","25.89","26.71","1502400","26.25","0.00","0.00","0.00","0.00","0.00","0.00","98.29","0.12","26.58","25.82"
"212","4/30/2014","25.98","26.20","25.61","25.78","2032700","26.69","0.00","0.00","0.00","0.00","0.00","0.00","96.48","-0.08","27.03","26.26"
"213","5/1/2014","25.83","26.60","25.65","26.36","2115600","25.93","0.00","0.00","0.00","0.00","0.00","0.00","98.37","0.58","26.25","25.46"
"214","5/2/2014","26.00","26.20","25.50","25.71","17160800","26.42","0.00","0.00","0.00","0.00","0.00","0.00","97.22","0.24","26.74","25.95"
"215","5/5/2014","25.55","26.21","25.50","25.94","2532000","25.60","0.00","0.00","0.00","0.00","0.00","0.00","98.67","-0.45","25.86","25.15"
"216","5/6/2014","25.82","26.17","25.65","25.93","2142100","26.10","0.00","0.00","0.00","0.00","0.00","0.00","99.36","0.60","26.38","25.59"
"217","5/7/2014","26.07","26.24","25.54","25.95","1822100","26.08","0.00","0.00","0.00","0.00","0.00","0.00","99.52","0.56","26.37","25.59"
"218","5/8/2014","25.97","26.06","25.70","25.80","1225700","26.04","0.00","0.00","0.00","0.00","0.00","0.00","99.08","0.34","26.37","25.58"
"219","5/9/2014","25.60","25.89","25.60","25.83","2094300","25.90","0.00","0.00","0.00","0.00","0.00","0.00","99.75","0.37","26.22","25.47"
"220","5/12/2014","26.04","26.80","25.73","26.67","2112000","25.99","0.00","0.00","0.00","0.00","0.00","0.00","97.44","0.61","26.25","25.50"
"221","5/13/2014","26.40","26.80","26.01","26.62","1087800","26.68","0.00","0.00","0.00","0.00","0.00","0.00","99.77","0.04","27.01","26.22"
"222","5/14/2014","26.55","26.68","26.11","26.35","812700","26.60","0.00","0.00","0.00","0.00","0.00","0.00","99.05","-0.08","26.95","26.19"
"223","5/15/2014","26.23","26.67","25.55","25.85","1114900","26.37","0.00","0.00","0.00","0.00","0.00","0.00","98.00","0.07","26.73","25.98"
"224","5/16/2014","25.80","26.20","25.32","25.97","1277700","25.89","0.00","0.00","0.00","0.00","0.00","0.00","99.69","0.15","26.30","25.49"
"225","5/19/2014","25.91","26.27","25.90","26.05","717900","25.98","0.00","0.00","0.00","0.00","0.00","0.00","99.73","0.04","26.33","25.55"
"226","5/20/2014","26.11","26.27","25.27","25.43","936600","26.10","0.00","0.00","0.00","0.00","0.00","0.00","97.38","0.18","26.42","25.70"
"227","5/21/2014","25.55","25.88","25.34","25.78","668500","25.48","0.00","0.00","0.00","0.00","0.00","0.00","98.84","0.20","25.91","25.09"
"228","5/22/2014","25.73","25.90","25.59","25.68","646400","25.78","0.00","0.00","0.00","0.00","0.00","0.00","99.61","0.00","26.12","25.38"
"229","5/23/2014","25.69","25.88","25.45","25.69","1095900","25.73","0.00","0.00","0.00","0.00","0.00","0.00","99.83","0.21","26.07","25.34"
"230","5/27/2014","25.89","26.08","25.57","26.01","1009600","25.76","0.00","0.00","0.00","0.00","0.00","0.00","99.03","0.27","26.09","25.33"
"231","5/28/2014","26.06","26.44","25.90","26.14","898900","26.03","0.00","0.00","0.00","0.00","0.00","0.00","99.58","0.08","26.36","25.61"
"232","5/29/2014","26.17","26.37","25.85","26.26","1062500","26.18","0.00","0.00","0.00","0.00","0.00","0.00","99.70","0.16","26.52","25.78"
"233","5/30/2014","26.30","26.35","25.91","26.27","1386600","26.28","0.00","0.00","0.00","0.00","0.00","0.00","99.95","0.08","26.62","25.87"
"234","6/2/2014","26.42","26.63","26.00","26.51","573900","26.32","0.00","0.00","0.00","0.00","0.00","0.00","99.30","0.21","26.65","25.89"
"235","6/3/2014","26.94","28.87","26.43","26.79","1819400","26.46","0.00","0.00","0.00","0.00","0.00","0.00","98.77","-0.18","26.82","26.08"
"236","6/4/2014","26.81","27.22","26.69","26.98","830600","26.83","0.00","0.00","0.00","0.00","0.00","0.00","99.43","0.14","27.30","26.43"
"237","6/5/2014","26.67","27.31","26.67","27.23","746400","26.99","0.00","0.00","0.00","0.00","0.00","0.00","99.11","0.03","27.34","26.60"
"238","6/6/2014","27.33","27.65","27.18","27.37","879100","27.18","0.00","0.00","0.00","0.00","0.00","0.00","99.32","-0.17","27.53","26.80"
"239","6/9/2014","27.92","27.99","27.29","27.60","1863900","27.39","0.00","0.00","0.00","0.00","0.00","0.00","99.25","0.08","27.74","27.00"
"240","6/10/2014","28.30","28.64","27.92","28.60","3012800","27.65","0.00","0.00","0.00","0.00","0.00","0.00","96.69","0.19","28.02","27.23"
"241","6/11/2014","28.89","29.20","28.41","28.77","2236300","28.63","0.00","0.00","0.00","0.00","0.00","0.00","99.51","0.11","28.99","28.20"
"242","6/12/2014","28.39","28.85","27.61","27.62","1606600","28.84","0.00","0.00","0.00","0.00","0.00","0.00","95.60","0.23","29.20","28.43"
"243","6/13/2014","27.63","28.11","27.41","27.81","979200","27.70","0.00","0.00","0.00","0.00","0.00","0.00","99.61","0.29","28.11","27.31"
"244","6/16/2014","28.06","28.35","27.62","28.24","874200","27.80","0.00","0.00","0.00","0.00","0.00","0.00","98.43","-0.05","28.16","27.41"
"245","6/17/2014","28.17","28.58","27.97","28.01","912800","28.16","0.00","0.00","0.00","0.00","0.00","0.00","99.45","-0.27","28.54","27.80"
"246","6/18/2014","27.98","28.77","27.80","28.72","941300","28.07","0.00","0.00","0.00","0.00","0.00","0.00","97.72","0.20","28.43","27.68"
"247","6/19/2014","28.68","28.98","28.11","28.17","1096600","28.59","0.00","0.00","0.00","0.00","0.00","0.00","98.51","-0.46","28.97","28.23"
"248","6/20/2014","28.10","28.84","27.97","28.53","2022000","28.22","0.00","0.00","0.00","0.00","0.00","0.00","98.93","0.19","28.60","27.84"
"249","6/23/2014","28.54","28.85","28.11","28.19","1016200","28.55","0.00","0.00","0.00","0.00","0.00","0.00","98.72","0.07","28.92","28.15"
"250","6/24/2014","28.14","28.27","27.70","27.84","1418400","28.24","0.00","0.00","0.00","0.00","0.00","0.00","98.56","0.18","28.61","27.86"
"251","6/25/2014","27.80","27.97","27.32","27.85","1098900","27.90","0.00","0.00","0.00","0.00","0.00","0.00","99.82","0.22","28.26","27.50"
"252","6/26/2014","27.92","28.19","27.56","28.05","1029400","27.81","0.00","0.00","0.00","0.00","0.00","0.00","99.14","-0.14","28.18","27.43"
"253","6/27/2014","27.93","28.51","27.57","28.03","4242200","28.02","0.00","0.00","0.00","0.00","0.00","0.00","99.95","-0.12","28.38","27.64"
"254","6/30/2014","28.10","28.70","28.05","28.39","1048000","28.16","0.00","0.00","0.00","0.00","0.00","0.00","99.18","0.46","28.52","27.68"
"255","7/1/2014","28.49","28.79","27.99","28.05","874800","28.40","0.00","0.00","0.00","0.00","0.00","0.00","98.75","0.04","28.76","28.02"
"256","7/2/2014","28.00","28.44","27.68","28.05","999700","28.09","0.00","0.00","0.00","0.00","0.00","0.00","99.86","0.14","28.47","27.71"
"257","7/3/2014","28.07","28.76","28.07","28.71","1383400","28.04","0.00","0.00","0.00","0.00","0.00","0.00","97.67","-0.04","28.41","27.66"
"258","7/7/2014","28.60","28.68","27.85","27.95","688400","28.68","0.00","0.00","0.00","0.00","0.00","0.00","97.39","-0.11","29.04","28.29"
"259","7/8/2014","27.95","27.99","27.23","27.55","888000","27.95","0.00","0.00","0.00","0.00","0.00","0.00","98.53","0.02","28.35","27.59"
"260","7/9/2014","27.73","27.85","27.09","27.23","799500","27.53","0.00","0.00","0.00","0.00","0.00","0.00","98.91","-0.09","27.91","27.15"
"261","7/10/2014","26.88","27.37","26.32","27.17","1135600","27.24","0.00","0.00","0.00","0.00","0.00","0.00","99.75","0.03","27.63","26.86"
"262","7/11/2014","27.11","27.27","26.63","26.69","572700","27.09","0.00","0.00","0.00","0.00","0.00","0.00","98.51","-0.30","27.47","26.70"
"263","7/14/2014","26.83","27.15","26.77","26.94","535000","26.70","0.00","0.00","0.00","0.00","0.00","0.00","99.13","0.05","27.09","26.33"
"264","7/15/2014","26.96","27.08","26.36","26.66","748200","26.95","0.00","0.00","0.00","0.00","0.00","0.00","98.93","0.02","27.29","26.56"
"265","7/16/2014","26.80","27.01","26.41","27.01","876300","26.65","0.00","0.00","0.00","0.00","0.00","0.00","98.66","-0.04","27.03","26.27"
"266","7/17/2014","26.87","27.34","26.48","26.56","660200","26.96","0.00","0.00","0.00","0.00","0.00","0.00","98.49","-0.18","27.31","26.57"
"267","7/18/2014","26.60","26.97","26.34","26.90","359900","26.58","0.00","0.00","0.00","0.00","0.00","0.00","98.83","0.09","26.98","26.21"
"268","7/21/2014","26.67","27.16","26.62","26.87","664900","26.82","0.00","0.00","0.00","0.00","0.00","0.00","99.81","-0.30","27.18","26.45"
"269","7/22/2014","26.95","27.58","26.91","27.36","932200","26.88","0.00","0.00","0.00","0.00","0.00","0.00","98.23","0.02","27.22","26.49"
"270","7/23/2014","27.39","27.62","27.13","27.32","860900","27.34","0.00","0.00","0.00","0.00","0.00","0.00","99.91","-0.06","27.70","26.95"
"271","7/24/2014","27.35","27.63","27.08","27.12","733800","27.34","0.00","0.00","0.00","0.00","0.00","0.00","99.20","0.07","27.69","26.95"
"272","7/25/2014","27.07","27.16","26.59","26.88","651200","27.15","0.00","0.00","0.00","0.00","0.00","0.00","98.98","0.13","27.52","26.77"
"273","7/28/2014","26.84","26.84","25.82","26.41","1156800","26.86","0.00","0.00","0.00","0.00","0.00","0.00","98.29","-0.07","27.23","26.49"
"274","7/29/2014","26.41","26.65","26.03","26.19","734100","26.38","0.00","0.00","0.00","0.00","0.00","0.00","99.28","-0.12","26.78","25.98"
"275","7/30/2014","26.34","26.34","25.52","25.96","1138100","26.22","0.00","0.00","0.00","0.00","0.00","0.00","99.00","0.11","26.59","25.83"
"276","7/31/2014","25.78","25.85","25.16","25.42","1046800","25.97","0.00","0.00","0.00","0.00","0.00","0.00","97.82","0.06","26.36","25.57"
"277","8/1/2014","25.47","25.92","25.19","25.23","984900","25.48","0.00","0.00","0.00","0.00","0.00","0.00","99.02","0.22","25.86","25.06"
"278","8/4/2014","25.21","25.67","25.21","25.55","858000","25.33","0.00","0.00","0.00","0.00","0.00","0.00","99.12","0.38","25.70","24.92"
"279","8/5/2014","25.52","25.94","25.47","25.58","1083800","25.59","0.00","0.00","0.00","0.00","0.00","0.00","99.95","0.17","25.91","25.17"
"280","8/6/2014","25.45","25.77","25.25","25.59","850800","25.67","0.00","0.00","0.00","0.00","0.00","0.00","99.67","0.37","26.00","25.25"
"281","8/7/2014","25.74","25.90","25.58","25.79","922800","25.63","0.00","0.00","0.00","0.00","0.00","0.00","99.37","0.14","25.96","25.21"
"282","8/8/2014","25.85","26.18","25.78","25.94","886600","25.85","0.00","0.00","0.00","0.00","0.00","0.00","99.64","0.22","26.17","25.43"
"283","8/11/2014","26.16","26.56","25.99","26.45","544800","26.00","0.00","0.00","0.00","0.00","0.00","0.00","98.30","0.23","26.33","25.59"
"284","8/12/2014","25.90","26.67","25.90","26.39","1684500","26.42","0.00","0.00","0.00","0.00","0.00","0.00","99.90","-0.12","26.76","26.03"
"285","8/13/2014","26.52","26.68","26.16","26.49","591500","26.46","0.00","0.00","0.00","0.00","0.00","0.00","99.88","0.26","26.77","26.01"
"286","8/14/2014","26.44","26.90","26.44","26.89","488100","26.47","0.00","0.00","0.00","0.00","0.00","0.00","98.45","-0.06","26.83","26.09"
"287","8/15/2014","27.00","27.00","26.49","26.60","421900","26.85","0.00","0.00","0.00","0.00","0.00","0.00","99.07","-0.16","27.18","26.47"
"288","8/18/2014","26.83","27.35","26.35","27.17","953800","26.59","0.00","0.00","0.00","0.00","0.00","0.00","97.88","-0.02","26.97","26.23"
"289","8/19/2014","27.36","27.67","27.30","27.60","666900","27.08","0.00","0.00","0.00","0.00","0.00","0.00","98.12","-0.33","27.46","26.70"
"290","8/20/2014","27.57","27.74","27.09","27.60","592300","27.59","0.00","0.00","0.00","0.00","0.00","0.00","99.95","-0.05","27.93","27.20"
"291","8/21/2014","27.63","28.16","27.21","27.83","686400","27.53","0.00","0.00","0.00","0.00","0.00","0.00","98.91","-0.27","27.90","27.16"
"292","8/22/2014","27.75","28.23","27.75","28.03","733600","27.74","0.00","0.00","0.00","0.00","0.00","0.00","98.97","-0.32","28.13","27.38"
"293","8/25/2014","28.17","28.29","27.91","27.97","462500","28.03","0.00","0.00","0.00","0.00","0.00","0.00","99.79","-0.01","28.38","27.65"
"294","8/26/2014","27.99","28.24","27.63","27.64","598900","27.98","0.00","0.00","0.00","0.00","0.00","0.00","98.76","0.04","28.34","27.61"
"295","8/27/2014","27.77","27.89","27.54","27.68","520600","27.67","0.00","0.00","0.00","0.00","0.00","0.00","99.95","0.09","28.04","27.29"
"296","8/28/2014","27.55","27.84","27.42","27.76","445000","27.68","0.00","0.00","0.00","0.00","0.00","0.00","99.71","-0.01","28.03","27.31"
"297","8/29/2014","27.91","27.94","27.65","27.77","337900","27.72","0.00","0.00","0.00","0.00","0.00","0.00","99.81","-0.16","28.07","27.35"
"298","9/2/2014","27.87","27.87","27.01","27.21","1416500","27.76","0.00","0.00","0.00","0.00","0.00","0.00","98.00","-0.05","28.11","27.39"
"299","9/3/2014","27.35","27.38","27.06","27.19","859500","27.25","0.00","0.00","0.00","0.00","0.00","0.00","99.80","0.13","27.64","26.85"
"300","9/4/2014","27.27","27.48","27.08","27.10","1075900","27.22","0.00","0.00","0.00","0.00","0.00","0.00","99.56","0.10","27.56","26.83"
"301","9/5/2014","27.15","27.66","27.06","27.62","785000","27.17","0.00","0.00","0.00","0.00","0.00","0.00","98.37","0.26","27.51","26.77"
"302","9/8/2014","27.65","27.95","27.28","27.39","1055900","27.57","0.00","0.00","0.00","0.00","0.00","0.00","99.36","-0.19","27.92","27.19"
"303","9/9/2014","28.20","28.88","28.06","28.15","3068300","27.43","0.00","0.00","0.00","0.00","0.00","0.00","97.45","0.16","27.80","27.04"
"304","9/10/2014","28.50","28.93","27.69","27.83","1129600","28.32","0.00","0.00","0.00","0.00","0.00","0.00","98.25","0.60","28.68","27.87"
"305","9/11/2014","27.76","28.36","27.49","27.78","1474800","27.85","0.00","0.00","0.00","0.00","0.00","0.00","99.73","0.09","28.27","27.48"
"306","9/12/2014","27.88","28.80","27.79","28.20","6601900","27.82","0.00","0.00","0.00","0.00","0.00","0.00","98.66","0.15","28.19","27.42"
"307","9/15/2014","28.25","28.47","28.14","28.21","1552100","28.33","0.00","0.00","0.00","0.00","0.00","0.00","99.57","0.46","28.72","27.83"
"308","9/16/2014","28.06","28.57","27.83","28.55","1289000","28.31","0.00","0.00","0.00","0.00","0.00","0.00","99.15","0.34","28.64","27.89"
"309","9/17/2014","28.41","28.71","27.97","28.52","1400400","28.49","0.00","0.00","0.00","0.00","0.00","0.00","99.89","-0.22","28.85","28.11"
"310","9/18/2014","28.50","29.25","28.35","29.18","1952600","28.50","0.00","0.00","0.00","0.00","0.00","0.00","97.66","-0.08","28.87","28.11"
"311","9/19/2014","29.27","29.58","28.95","29.35","2432100","29.13","0.00","0.00","0.00","0.00","0.00","0.00","99.25","-0.17","29.51","28.75"
"312","9/22/2014","29.10","29.25","28.69","28.76","1256700","29.42","0.00","0.00","0.00","0.00","0.00","0.00","97.69","0.25","29.78","29.02"
"313","9/23/2014","28.72","28.85","28.35","28.69","965200","28.84","0.00","0.00","0.00","0.00","0.00","0.00","99.46","0.29","29.19","28.45"
"314","9/24/2014","28.73","28.80","28.35","28.73","692800","28.69","0.00","0.00","0.00","0.00","0.00","0.00","99.86","0.00","29.04","28.31"
"315","9/25/2014","28.74","28.76","28.08","28.08","1025900","28.70","0.00","0.00","0.00","0.00","0.00","0.00","97.79","-0.11","29.05","28.33"
"316","9/26/2014","28.15","28.40","27.98","28.14","1070100","28.14","0.00","0.00","0.00","0.00","0.00","0.00","99.99","0.20","28.51","27.75"
"317","9/29/2014","27.79","28.07","27.51","27.91","842800","28.18","0.00","0.00","0.00","0.00","0.00","0.00","99.02","0.15","28.53","27.79"
"318","9/30/2014","27.97","27.97","26.97","27.26","1368900","27.88","0.00","0.00","0.00","0.00","0.00","0.00","97.72","-0.10","28.24","27.50"
"319","10/1/2014","27.37","27.37","26.63","26.97","1546000","27.27","0.00","0.00","0.00","0.00","0.00","0.00","98.89","0.03","27.67","26.88"
"320","10/2/2014","26.88","27.40","26.73","27.07","1861700","27.00","0.00","0.00","0.00","0.00","0.00","0.00","99.75","0.12","27.37","26.59"
"321","10/3/2014","27.30","27.51","27.14","27.32","1135900","27.15","0.00","0.00","0.00","0.00","0.00","0.00","99.37","0.29","27.48","26.71"
"322","10/6/2014","27.50","27.56","27.06","27.30","526400","27.37","0.00","0.00","0.00","0.00","0.00","0.00","99.76","0.17","27.70","26.96"
"323","10/7/2014","27.10","27.49","26.75","26.98","1104900","27.27","0.00","0.00","0.00","0.00","0.00","0.00","98.91","-0.10","27.64","26.91"
"324","10/8/2014","27.03","27.26","26.58","27.09","1497900","27.01","0.00","0.00","0.00","0.00","0.00","0.00","99.71","0.12","27.38","26.62"
"325","10/9/2014","27.11","27.23","26.31","26.43","1632800","27.10","0.00","0.00","0.00","0.00","0.00","0.00","97.46","0.04","27.45","26.68"
"326","10/10/2014","26.40","26.47","25.09","25.23","3159900","26.51","0.00","0.00","0.00","0.00","0.00","0.00","94.91","0.32","26.90","26.09"
"327","10/13/2014","25.34","25.37","23.81","23.91","4634700","25.44","0.00","0.00","0.00","0.00","0.00","0.00","93.58","0.85","25.86","24.94"
"328","10/14/2014","23.86","24.53","23.34","23.99","4778600","24.28","0.00","0.00","0.00","0.00","0.00","0.00","98.80","1.54","24.73","23.67"
"329","10/15/2014","23.41","24.27","22.18","23.91","5375500","24.30","0.00","0.00","0.00","0.00","0.00","0.00","98.37","1.29","24.58","23.64"
"330","10/16/2014","23.40","24.71","23.18","24.51","2338500","24.07","0.00","0.00","0.00","0.00","0.00","0.00","98.21","0.67","24.42","23.35"
"331","10/17/2014","24.83","25.66","24.75","25.40","2552300","24.53","0.00","0.00","0.00","0.00","0.00","0.00","96.59","0.10","24.85","23.99"
"332","10/20/2014","25.28","25.69","25.19","25.54","1083500","25.54","0.00","0.00","0.00","0.00","0.00","0.00","99.99","0.56","25.82","25.02"
"333","10/21/2014","25.78","26.76","25.43","26.72","2021200","25.60","0.00","0.00","0.00","0.00","0.00","0.00","95.81","0.24","25.92","25.17"
"334","10/22/2014","26.83","27.03","25.49","26.61","1402100","26.66","0.00","0.00","0.00","0.00","0.00","0.00","99.80","-0.21","27.00","26.21"
"335","10/23/2014","26.92","27.55","26.52","27.22","1634500","26.50","0.00","0.00","0.00","0.00","0.00","0.00","97.34","-0.43","26.93","26.10"
"336","10/24/2014","27.23","27.76","27.06","27.68","1037200","27.21","0.00","0.00","0.00","0.00","0.00","0.00","98.29","-0.05","27.57","26.79"
"337","10/27/2014","27.46","28.09","27.15","27.34","934600","27.63","0.00","0.00","0.00","0.00","0.00","0.00","98.93","-0.17","27.99","27.24"
"338","10/28/2014","27.60","28.11","26.86","28.02","698300","27.36","0.00","0.00","0.00","0.00","0.00","0.00","97.65","0.08","27.75","26.98"
"339","10/29/2014","28.15","28.29","27.61","27.91","828500","27.81","0.00","0.00","0.00","0.00","0.00","0.00","99.64","-0.75","28.23","27.47"
"340","10/30/2014","27.71","28.07","27.47","27.94","1259700","27.89","0.00","0.00","0.00","0.00","0.00","0.00","99.83","-0.06","28.27","27.52"
"341","10/31/2014","28.25","28.87","28.20","28.84","1221500","27.93","0.00","0.00","0.00","0.00","0.00","0.00","96.85","-0.03","28.29","27.54"
"342","11/3/2014","28.93","29.01","28.70","28.74","1264000","28.80","0.00","0.00","0.00","0.00","0.00","0.00","99.80","-0.15","29.16","28.42"
"343","11/4/2014","28.67","28.85","28.36","28.78","986900","28.83","0.00","0.00","0.00","0.00","0.00","0.00","99.81","0.33","29.17","28.43"
"344","11/5/2014","29.00","29.52","28.74","29.49","1520500","28.76","0.00","0.00","0.00","0.00","0.00","0.00","97.54","-0.05","29.12","28.39"
"345","11/6/2014","29.44","29.59","29.01","29.33","872200","29.44","0.00","0.00","0.00","0.00","0.00","0.00","99.63","-0.17","29.80","29.07"
"346","11/7/2014","29.35","29.44","28.82","29.01","1257500","29.35","0.00","0.00","0.00","0.00","0.00","0.00","98.84","0.06","29.69","28.98"
"347","11/10/2014","28.98","29.17","28.66","29.06","674200","29.07","0.00","0.00","0.00","0.00","0.00","0.00","99.97","0.21","29.42","28.69"
"348","11/11/2014","29.05","29.19","28.47","28.67","961200","29.04","0.00","0.00","0.00","0.00","0.00","0.00","98.73","-0.09","29.38","28.67"
"349","11/12/2014","28.55","28.95","28.38","28.40","1439500","28.70","0.00","0.00","0.00","0.00","0.00","0.00","98.96","0.09","29.06","28.33"
"350","11/13/2014","27.18","28.80","27.18","28.25","1670900","28.50","0.00","0.00","0.00","0.00","0.00","0.00","99.10","0.37","28.85","28.10"
"351","11/14/2014","28.23","28.36","27.98","28.05","1033500","28.14","0.00","0.00","0.00","0.00","0.00","0.00","99.66","-0.37","28.55","27.76"
"352","11/17/2014","28.01","28.46","27.95","28.20","970300","28.11","0.00","0.00","0.00","0.00","0.00","0.00","99.66","0.20","28.45","27.71"
"353","11/18/2014","28.18","28.96","28.13","28.63","1224200","28.22","0.00","0.00","0.00","0.00","0.00","0.00","98.57","0.08","28.57","27.83"
"354","11/19/2014","28.64","29.31","28.33","28.44","2055500","28.62","0.00","0.00","0.00","0.00","0.00","0.00","99.37","-0.04","28.99","28.24"
"355","11/20/2014","28.24","28.89","27.98","28.49","1717700","28.55","0.00","0.00","0.00","0.00","0.00","0.00","99.77","0.40","28.93","28.15"
"356","11/21/2014","29.00","29.20","28.75","29.08","1329700","28.50","0.00","0.00","0.00","0.00","0.00","0.00","98.01","0.04","28.87","28.11"
"357","11/24/2014","29.10","29.67","29.07","29.63","871800","29.12","0.00","0.00","0.00","0.00","0.00","0.00","98.27","0.13","29.46","28.73"
"358","11/25/2014","29.63","29.75","29.31","29.48","778000","29.60","0.00","0.00","0.00","0.00","0.00","0.00","99.59","-0.10","29.94","29.24"
"359","11/26/2014","29.47","29.53","29.14","29.24","838700","29.54","0.00","0.00","0.00","0.00","0.00","0.00","98.97","0.21","29.86","29.17"
"360","11/28/2014","29.38","29.38","28.78","29.08","247300","29.31","0.00","0.00","0.00","0.00","0.00","0.00","99.21","0.24","29.63","28.93"
"361","12/1/2014","28.94","29.03","28.20","28.30","1125700","29.04","0.00","0.00","0.00","0.00","0.00","0.00","97.37","-0.12","29.39","28.70"
"362","12/2/2014","29.05","29.32","28.69","29.23","1471000","28.34","0.00","0.00","0.00","0.00","0.00","0.00","96.97","0.16","28.72","27.97"
"363","12/3/2014","29.21","30.00","29.21","29.94","1090300","29.22","0.00","0.00","0.00","0.00","0.00","0.00","97.61","-0.02","29.58","28.85"
"364","12/4/2014","29.80","30.17","29.69","30.11","2101400","29.89","0.00","0.00","0.00","0.00","0.00","0.00","99.25","-0.18","30.23","29.53"
"365","12/5/2014","30.21","30.46","29.99","30.18","1586200","30.19","0.00","0.00","0.00","0.00","0.00","0.00","99.98","0.25","30.51","29.80"
"366","12/8/2014","30.03","30.35","29.69","29.76","1497500","30.31","0.00","0.00","0.00","0.00","0.00","0.00","98.16","0.43","30.60","29.93"
"367","12/9/2014","29.43","29.43","27.85","28.71","2547200","29.90","0.00","0.00","0.00","0.00","0.00","0.00","95.84","0.48","30.21","29.52"
"368","12/10/2014","28.29","29.48","28.10","28.23","1723600","28.63","0.00","0.00","0.00","0.00","0.00","0.00","98.59","-0.29","29.07","28.26"
"369","12/11/2014","27.50","28.04","27.37","27.40","9228100","28.32","0.00","0.00","0.00","0.00","0.00","0.00","96.64","0.32","28.71","27.93"
"370","12/12/2014","27.22","27.65","27.04","27.38","2904600","27.59","0.00","0.00","0.00","0.00","0.00","0.00","99.24","0.68","27.94","27.04"
"371","12/15/2014","27.55","27.91","27.00","27.44","3426900","27.51","0.00","0.00","0.00","0.00","0.00","0.00","99.73","0.49","27.83","27.04"
"372","12/16/2014","27.29","27.72","27.09","27.24","2867300","27.56","0.00","0.00","0.00","0.00","0.00","0.00","98.81","0.45","27.91","27.09"
"373","12/17/2014","26.78","27.66","26.78","27.44","2111400","27.41","0.00","0.00","0.00","0.00","0.00","0.00","99.88","0.61","27.73","26.93"
"374","12/18/2014","27.94","28.65","27.71","28.64","3070000","27.48","0.00","0.00","0.00","0.00","0.00","0.00","95.93","0.13","27.81","27.03"
"375","12/19/2014","28.93","29.56","28.63","29.28","4951600","28.62","0.00","0.00","0.00","0.00","0.00","0.00","97.76","-0.06","28.99","28.20"
"376","12/22/2014","29.37","29.66","29.18","29.54","1449000","29.31","0.00","0.00","0.00","0.00","0.00","0.00","99.23","0.12","29.73","28.89"
"377","12/23/2014","29.71","29.97","29.20","29.71","1292800","29.59","0.00","0.00","0.00","0.00","0.00","0.00","99.60","0.17","29.92","29.21"
"378","12/24/2014","29.73","29.99","29.69","29.72","318000","29.71","0.00","0.00","0.00","0.00","0.00","0.00","99.98","0.01","30.06","29.35"
"379","12/26/2014","29.80","30.01","29.70","29.94","590200","29.81","0.00","0.00","0.00","0.00","0.00","0.00","99.55","0.29","30.09","29.43"
"380","12/29/2014","29.90","30.19","29.70","29.97","895400","29.99","0.00","0.00","0.00","0.00","0.00","0.00","99.92","0.18","30.28","29.62"
"381","12/30/2014","29.87","29.97","29.54","29.59","933700","30.04","0.00","0.00","0.00","0.00","0.00","0.00","98.49","0.22","30.33","29.67"
"382","12/31/2014","29.67","29.87","29.48","29.49","655700","29.70","0.00","0.00","0.00","0.00","0.00","0.00","99.29","0.37","30.00","29.32"
"383","1/2/2015","29.77","29.89","29.14","29.46","990400","29.59","0.00","0.00","0.00","0.00","0.00","0.00","99.56","0.34","29.89","29.21"
"384","1/5/2015","29.39","29.46","28.25","28.63","1373700","29.49","0.00","0.00","0.00","0.00","0.00","0.00","97.01","0.09","29.83","29.13"
"385","1/6/2015","28.65","28.82","27.70","28.20","2088400","28.62","0.00","0.00","0.00","0.00","0.00","0.00","98.52","-0.04","29.02","28.26"
"386","1/7/2015","28.46","28.77","28.19","28.33","765000","28.21","0.00","0.00","0.00","0.00","0.00","0.00","99.57","0.03","28.61","27.81"
"387","1/8/2015","28.62","29.02","28.45","28.51","900600","28.36","0.00","0.00","0.00","0.00","0.00","0.00","99.46","0.09","28.72","27.98"
"388","1/9/2015","28.58","28.72","28.20","28.61","839600","28.57","0.00","0.00","0.00","0.00","0.00","0.00","99.87","0.22","28.92","28.19"
"389","1/12/2015","28.59","28.71","28.29","28.34","939900","28.58","0.00","0.00","0.00","0.00","0.00","0.00","99.15","-0.10","28.94","28.21"
"390","1/13/2015","28.64","29.00","28.25","28.38","1413600","28.40","0.00","0.00","0.00","0.00","0.00","0.00","99.94","0.20","28.75","28.01"
"391","1/14/2015","28.01","28.91","27.58","27.75","2068800","28.45","0.00","0.00","0.00","0.00","0.00","0.00","97.47","0.25","28.82","28.06"
"392","1/15/2015","27.91","27.92","27.02","27.02","2185500","27.84","0.00","0.00","0.00","0.00","0.00","0.00","96.95","0.34","28.24","27.43"
"393","1/16/2015","26.85","27.30","26.52","27.23","1448900","27.14","0.00","0.00","0.00","0.00","0.00","0.00","99.68","0.45","27.53","26.71"
"394","1/20/2015","27.40","27.67","26.92","27.58","1792500","27.20","0.00","0.00","0.00","0.00","0.00","0.00","98.64","-0.09","27.55","26.79"
"395","1/21/2015","27.50","28.14","27.33","28.04","1650300","27.57","0.00","0.00","0.00","0.00","0.00","0.00","98.33","-0.03","27.93","27.15"
"396","1/22/2015","28.30","28.55","27.91","28.50","1851200","28.01","0.00","0.00","0.00","0.00","0.00","0.00","98.29","-0.10","28.37","27.61"
"397","1/23/2015","28.68","28.93","28.15","28.46","2192700","28.50","0.00","0.00","0.00","0.00","0.00","0.00","99.87","-0.01","28.86","28.10"
"398","1/26/2015","28.54","28.95","28.11","28.92","2190500","28.53","0.00","0.00","0.00","0.00","0.00","0.00","98.65","0.25","28.90","28.12"
"399","1/27/2015","28.51","29.00","28.29","28.70","1429800","28.88","0.00","0.00","0.00","0.00","0.00","0.00","99.37","-0.14","29.26","28.49"
"400","1/28/2015","28.94","28.94","28.39","28.41","906200","28.72","0.00","0.00","0.00","0.00","0.00","0.00","98.91","0.07","29.08","28.33"
"401","1/29/2015","28.41","29.03","28.09","28.99","1263000","28.47","0.00","0.00","0.00","0.00","0.00","0.00","98.19","0.20","28.82","28.09"
"402","1/30/2015","28.80","29.15","28.50","28.83","1435200","28.88","0.00","0.00","0.00","0.00","0.00","0.00","99.82","-0.38","29.26","28.52"
"403","2/2/2015","28.78","29.18","28.63","29.14","1516400","28.87","0.00","0.00","0.00","0.00","0.00","0.00","99.07","0.13","29.22","28.48"
"404","2/3/2015","29.28","29.57","29.09","29.55","1523400","29.15","0.00","0.00","0.00","0.00","0.00","0.00","98.64","0.02","29.50","28.76"
"405","2/4/2015","29.47","29.52","28.42","28.51","1161300","29.58","0.00","0.00","0.00","0.00","0.00","0.00","96.26","0.09","29.91","29.20"
"406","2/5/2015","28.52","28.81","28.22","28.26","1962500","28.55","0.00","0.00","0.00","0.00","0.00","0.00","98.96","0.15","28.94","28.19"
"407","2/6/2015","28.36","28.57","28.10","28.19","1727400","28.38","0.00","0.00","0.00","0.00","0.00","0.00","99.32","0.43","28.74","27.96"
"408","2/9/2015","28.17","28.41","28.11","28.15","950000","28.29","0.00","0.00","0.00","0.00","0.00","0.00","99.51","0.35","28.64","27.87"
"409","2/10/2015","28.24","28.36","27.76","28.06","1287200","28.21","0.00","0.00","0.00","0.00","0.00","0.00","99.45","0.22","28.55","27.82"
"410","2/11/2015","27.96","28.26","27.71","28.06","833100","28.08","0.00","0.00","0.00","0.00","0.00","0.00","99.93","0.07","28.44","27.69"
"411","2/12/2015","28.16","28.49","27.79","28.38","1983800","28.04","0.00","0.00","0.00","0.00","0.00","0.00","98.81","-0.06","28.40","27.67"
"412","2/13/2015","28.51","28.93","28.45","28.62","2091000","28.39","0.00","0.00","0.00","0.00","0.00","0.00","99.18","0.02","28.75","27.98"
"413","2/17/2015","28.47","28.75","27.96","28.13","2222900","28.73","0.00","0.00","0.00","0.00","0.00","0.00","97.86","0.39","29.07","28.31"
"414","2/18/2015","28.23","28.77","28.14","28.64","2079500","28.23","0.00","0.00","0.00","0.00","0.00","0.00","98.57","0.36","28.60","27.81"
"415","2/19/2015","28.67","28.84","28.38","28.45","3425700","28.68","0.00","0.00","0.00","0.00","0.00","0.00","99.20","0.13","29.03","28.27"
"416","2/20/2015","28.50","29.64","28.30","29.62","3537200","28.62","0.00","0.00","0.00","0.00","0.00","0.00","96.64","0.61","28.97","28.17"
"417","2/23/2015","29.70","30.00","29.56","29.61","1884400","29.48","0.00","0.00","0.00","0.00","0.00","0.00","99.58","-0.46","29.91","29.10"
"418","2/24/2015","29.71","30.68","29.52","30.43","3573900","29.77","0.00","0.00","0.00","0.00","0.00","0.00","97.82","0.53","30.08","29.37"
"419","2/25/2015","30.69","30.88","29.71","29.74","2940000","30.38","0.00","0.00","0.00","0.00","0.00","0.00","97.84","-0.16","30.79","30.03"
"420","2/26/2015","29.77","30.14","29.28","29.60","1428800","29.91","0.00","0.00","0.00","0.00","0.00","0.00","98.94","0.58","30.27","29.53"
"421","2/27/2015","29.63","30.03","29.44","29.51","1172000","29.66","0.00","0.00","0.00","0.00","0.00","0.00","99.49","0.21","30.00","29.29"
"422","3/2/2015","29.46","30.07","29.38","29.97","1903800","29.63","0.00","0.00","0.00","0.00","0.00","0.00","98.86","0.40","29.94","29.24"
"423","3/3/2015","29.80","29.95","29.25","29.46","1517800","29.99","0.00","0.00","0.00","0.00","0.00","0.00","98.20","0.07","30.33","29.62"
"424","3/4/2015","29.35","29.46","29.06","29.44","957400","29.55","0.00","0.00","0.00","0.00","0.00","0.00","99.64","0.29","29.88","29.17"
"425","3/5/2015","29.58","29.81","29.40","29.68","908200","29.45","0.00","0.00","0.00","0.00","0.00","0.00","99.23","0.04","29.78","29.08"
"426","3/6/2015","29.55","29.66","28.95","29.02","1338800","29.73","0.00","0.00","0.00","0.00","0.00","0.00","97.56","0.17","30.04","29.36"
"427","3/9/2015","29.03","29.36","28.85","29.30","1817000","29.11","0.00","0.00","0.00","0.00","0.00","0.00","99.37","0.32","29.46","28.73"
"428","3/10/2015","29.05","29.52","28.67","28.74","1970000","29.34","0.00","0.00","0.00","0.00","0.00","0.00","97.92","0.13","29.68","28.95"
"429","3/11/2015","28.85","29.51","28.63","29.36","1831400","28.86","0.00","0.00","0.00","0.00","0.00","0.00","98.31","0.43","29.22","28.46"
"430","3/12/2015","29.43","30.09","29.25","30.00","2108700","29.33","0.00","0.00","0.00","0.00","0.00","0.00","97.77","-0.10","29.70","28.96"
"431","3/13/2015","29.87","30.12","29.60","29.87","2716100","29.98","0.00","0.00","0.00","0.00","0.00","0.00","99.62","-0.06","30.34","29.62"
"432","3/16/2015","30.04","30.36","29.90","30.32","1542600","29.99","0.00","0.00","0.00","0.00","0.00","0.00","98.93","0.42","30.33","29.60"
"433","3/17/2015","30.05","30.41","29.92","30.31","1265700","30.38","0.00","0.00","0.00","0.00","0.00","0.00","99.76","0.21","30.68","30.01"
"434","3/18/2015","30.13","30.96","30.03","30.73","1886500","30.37","0.00","0.00","0.00","0.00","0.00","0.00","98.84","0.20","30.66","30.00"
"435","3/19/2015","30.59","30.99","30.07","30.21","1780600","30.73","0.00","0.00","0.00","0.00","0.00","0.00","98.27","0.01","31.05","30.39"
"436","3/20/2015","30.49","30.49","29.65","29.69","5248200","30.36","0.00","0.00","0.00","0.00","0.00","0.00","97.74","0.50","30.66","29.99"
"437","3/23/2015","28.80","29.66","28.60","29.40","5061700","29.82","0.00","0.00","0.00","0.00","0.00","0.00","98.57","0.44","30.25","29.42"
"438","3/24/2015","29.49","30.86","29.01","30.77","6572900","29.39","0.00","0.00","0.00","0.00","0.00","0.00","95.53","-0.02","29.83","28.98"
"439","3/25/2015","30.91","30.91","29.96","30.08","3070100","30.31","0.00","0.00","0.00","0.00","0.00","0.00","99.23","-1.49","30.93","30.02"
"440","3/26/2015","29.95","30.07","29.51","29.74","1608700","30.24","0.00","0.00","0.00","0.00","0.00","0.00","98.33","0.52","30.58","29.86"
"441","3/27/2015","29.35","30.31","29.30","30.23","1812700","29.84","0.00","0.00","0.00","0.00","0.00","0.00","98.70","0.33","30.16","29.46"
"442","3/30/2015","30.90","31.41","30.73","31.41","3211600","30.16","0.00","0.00","0.00","0.00","0.00","0.00","96.00","-0.25","30.52","29.81"
"443","3/31/2015","31.32","31.38","30.99","31.16","2446800","31.40","0.00","0.00","0.00","0.00","0.00","0.00","99.22","-0.02","31.73","31.07"
"444","4/1/2015","31.18","31.42","30.83","31.21","1461300","31.32","0.00","0.00","0.00","0.00","0.00","0.00","99.64","0.52","31.57","30.95"
"445","4/2/2015","31.27","31.82","31.20","31.51","3243200","31.30","0.00","0.00","0.00","0.00","0.00","0.00","99.33","0.29","31.53","30.95"
"446","4/6/2015","31.39","31.99","31.30","31.94","1847400","31.61","0.00","0.00","0.00","0.00","0.00","0.00","98.97","0.32","31.90","31.27"
"447","4/7/2015","32.00","32.19","31.80","32.14","2377300","31.93","0.00","0.00","0.00","0.00","0.00","0.00","99.35","-0.02","32.16","31.61"
"448","4/8/2015","32.00","32.11","31.74","31.93","1497500","32.20","0.00","0.00","0.00","0.00","0.00","0.00","99.16","0.18","32.40","31.86"
"449","4/9/2015","31.84","32.13","31.60","31.66","1456600","32.05","0.00","0.00","0.00","0.00","0.00","0.00","98.76","0.38","32.20","31.70"
"450","4/10/2015","31.83","31.98","31.60","31.76","1031700","31.84","0.00","0.00","0.00","0.00","0.00","0.00","99.75","0.57","32.00","31.48"
"451","4/13/2015","31.72","32.00","31.66","31.67","988600","31.89","0.00","0.00","0.00","0.00","0.00","0.00","99.30","0.42","32.04","31.53"
"452","4/14/2015","31.71","31.86","31.53","31.84","731800","31.85","0.00","0.00","0.00","0.00","0.00","0.00","99.96","0.58","31.99","31.48"
"453","4/15/2015","31.98","32.70","31.87","32.68","1635900","31.91","0.00","0.00","0.00","0.00","0.00","0.00","97.65","0.22","32.06","31.56"
"454","4/16/2015","32.61","33.01","32.31","32.96","2156300","32.54","0.00","0.00","0.00","0.00","0.00","0.00","98.73","-0.43","32.73","32.25"
"455","4/17/2015","32.66","32.70","32.19","32.40","2285500","32.81","0.00","0.00","0.00","0.00","0.00","0.00","98.74","-0.46","32.99","32.52"
"456","4/20/2015","32.48","32.71","32.43","32.60","1124400","32.46","0.00","0.00","0.00","0.00","0.00","0.00","99.57","0.19","32.62","32.13"
"457","4/21/2015","32.80","33.26","32.66","33.14","1666900","32.64","0.00","0.00","0.00","0.00","0.00","0.00","98.50","0.14","32.74","32.30"
"458","4/22/2015","33.11","33.36","33.04","33.33","1499100","33.00","0.00","0.00","0.00","0.00","0.00","0.00","99.00","-0.44","33.13","32.69"
"459","4/23/2015","33.21","33.81","33.11","33.65","2320500","33.18","0.00","0.00","0.00","0.00","0.00","0.00","98.59","-0.46","33.27","32.86"
"460","4/24/2015","33.69","33.80","33.43","33.50","1686600","33.32","0.00","0.00","0.00","0.00","0.00","0.00","99.46","-0.98","33.49","33.05"
"461","4/27/2015","33.60","33.76","33.44","33.58","1706800","33.32","0.00","0.00","0.00","0.00","0.00","0.00","99.23","-0.53","33.41","33.01"
"462","4/28/2015","33.52","33.70","33.23","33.69","1210200","33.36","0.00","0.00","0.00","0.00","0.00","0.00","99.03","-0.65","33.46","33.05"
"463","4/29/2015","33.50","33.78","33.35","33.74","960100","33.37","0.00","0.00","0.00","0.00","0.00","0.00","98.91","-0.94","33.47","33.08"
"464","0/0/0000","0.00","33.65","33.25","33.48","0","33.42","0.00","0.00","0.00","0.00","0.00","0.00","99.81","-0.95","33.50","33.11"
"465","0/0/0000","0.00","24.11","23.90","23.98","0","24.32","0.00","0.00","0.00","0.00","0.00","0.00","98.60","-27.37","24.45","23.66"
"466","0/0/0000","0.00","22.47","20.62","22.13","0","21.79","0.00","0.00","0.00","0.00","0.00","0.00","98.48","-9.12","16.81","20.95"
"467","0/0/0000","0.00","13.47","19.71","19.37","0","19.77","0.00","0.00","0.00","0.00","0.00","0.00","97.91","-10.64","13.81","19.75"
"468","0/0/0000","0.00","5.53","17.45","17.02","0","17.25","0.00","0.00","0.00","0.00","0.00","0.00","98.62","-10.92","6.66","17.41"
"469","0/0/0000","0.00","1.01","15.55","15.65","0","15.31","0.00","0.00","0.00","0.00","0.00","0.00","97.80","-10.07","1.55","15.25"
"470","0/0/0000","0.00","0.33","14.80","14.73","0","14.75","0.00","0.00","0.00","0.00","0.00","0.00","99.89","-5.77","0.21","14.48"
"471","0/0/0000","0.00","0.45","14.39","14.43","0","14.63","0.00","0.00","0.00","0.00","0.00","0.00","98.59","-0.66","0.15","14.31"
"472","0/0/0000","0.00","0.34","13.92","14.57","0","14.59","0.00","0.00","0.00","0.00","0.00","0.00","99.85","1.12","0.24","14.27"
"473","0/0/0000","0.00","0.34","14.26","14.59","0","14.59","0.00","0.00","0.00","0.00","0.00","0.00","98.60","0.12","0.34","14.26"
