"1","8/2/2013","13.00","13.75","12.27","13.75","984600","0.00","4.58","3.50","0.27","-0.03","0.44","0.56","0.00","0.00","0.00","0.00"
"2","8/5/2013","14.00","14.00","13.11","13.55","38100","13.29","0.00","0.00","0.00","0.00","0.00","0.00","98.10","-3.32","13.65","13.19"
"3","8/6/2013","13.70","13.70","13.00","13.54","32000","13.57","0.00","0.00","0.00","0.00","0.00","0.00","99.78","0.14","13.93","13.15"
"4","8/7/2013","13.30","13.35","13.05","13.25","22700","13.44","0.00","0.00","0.00","0.00","0.00","0.00","98.55","-0.72","13.82","13.09"
"5","8/8/2013","13.49","13.49","13.11","13.25","39100","13.21","0.00","0.00","0.00","0.00","0.00","0.00","99.73","-0.27","13.56","12.91"
"6","8/9/2013","13.24","13.49","13.17","13.28","25600","13.28","0.00","0.00","0.00","0.00","0.00","0.00","99.99","0.22","13.61","12.93"
"7","8/12/2013","13.38","13.69","13.25","13.44","49100","13.29","0.00","0.00","0.00","0.00","0.00","0.00","98.92","0.11","13.64","12.99"
"8","8/13/2013","13.75","13.85","13.50","13.57","21100","13.45","0.00","0.00","0.00","0.00","0.00","0.00","99.10","0.06","13.81","13.14"
"9","8/14/2013","13.62","13.85","13.12","13.40","104200","13.63","0.00","0.00","0.00","0.00","0.00","0.00","98.29","0.44","13.96","13.28"
"10","8/15/2013","13.12","13.61","13.05","13.10","43700","13.46","0.00","0.00","0.00","0.00","0.00","0.00","97.29","0.41","13.80","13.08"
"11","8/16/2013","13.11","13.76","12.89","12.90","86500","13.21","0.00","0.00","0.00","0.00","0.00","0.00","97.60","0.83","13.55","12.85"
"12","8/19/2013","13.00","13.10","12.60","12.84","88800","13.12","0.00","0.00","0.00","0.00","0.00","0.00","97.82","1.71","13.45","12.69"
"13","8/20/2013","12.57","13.00","12.50","12.50","14500","12.84","0.00","0.00","0.00","0.00","0.00","0.00","97.31","-0.03","13.17","12.51"
"14","8/21/2013","12.50","12.93","12.50","12.83","5200","12.60","0.00","0.00","0.00","0.00","0.00","0.00","98.22","0.82","12.94","12.25"
"15","8/22/2013","13.35","13.35","12.27","13.18","5900","12.73","0.00","0.00","0.00","0.00","0.00","0.00","96.56","-0.81","13.12","12.47"
"16","8/23/2013","13.27","13.44","12.88","13.27","14200","12.97","0.00","0.00","0.00","0.00","0.00","0.00","97.76","-1.57","13.40","12.60"
"17","8/26/2013","13.25","13.52","13.15","13.34","5700","13.20","0.00","0.00","0.00","0.00","0.00","0.00","98.94","-0.54","13.58","12.88"
"18","8/27/2013","13.20","13.64","13.18","13.26","10100","13.32","0.00","0.00","0.00","0.00","0.00","0.00","99.54","-0.14","13.69","13.02"
"19","8/28/2013","13.48","13.58","12.78","13.01","15000","13.32","0.00","0.00","0.00","0.00","0.00","0.00","97.59","0.48","13.68","12.99"
"20","8/29/2013","12.97","13.49","12.91","13.09","11200","13.10","0.00","0.00","0.00","0.00","0.00","0.00","99.90","0.72","13.44","12.67"
"21","8/30/2013","13.21","13.50","12.91","13.15","21500","13.12","0.00","0.00","0.00","0.00","0.00","0.00","99.81","0.26","13.50","12.79"
"22","9/3/2013","13.50","13.50","13.01","13.33","17000","13.17","0.00","0.00","0.00","0.00","0.00","0.00","98.78","0.13","13.53","12.82"
"23","9/4/2013","13.04","13.33","13.01","13.08","10300","13.29","0.00","0.00","0.00","0.00","0.00","0.00","98.41","-0.31","13.65","12.95"
"24","9/5/2013","13.01","13.50","13.00","13.06","11400","13.11","0.00","0.00","0.00","0.00","0.00","0.00","99.63","0.22","13.46","12.80"
"25","9/6/2013","13.40","13.49","12.95","13.10","32300","13.14","0.00","0.00","0.00","0.00","0.00","0.00","99.69","0.61","13.50","12.80"
"26","9/9/2013","13.39","13.69","13.14","13.16","21100","13.16","0.00","0.00","0.00","0.00","0.00","0.00","99.97","0.49","13.50","12.78"
"27","9/10/2013","13.21","13.30","12.90","12.90","29700","13.29","0.00","0.00","0.00","0.00","0.00","0.00","96.96","1.00","13.62","12.90"
"28","9/11/2013","12.95","13.44","12.86","13.41","117800","13.00","0.00","0.00","0.00","0.00","0.00","0.00","96.96","0.79","13.31","12.63"
"29","9/12/2013","13.25","14.89","13.17","13.74","111900","13.25","0.00","0.00","0.00","0.00","0.00","0.00","96.43","-1.19","13.66","13.02"
"30","9/13/2013","14.00","15.90","13.57","15.56","196900","13.87","0.00","0.00","0.00","0.00","0.00","0.00","89.14","0.95","14.34","13.46"
"31","9/16/2013","15.60","15.60","14.71","14.88","98500","15.07","0.00","0.00","0.00","0.00","0.00","0.00","98.73","-3.15","15.76","14.86"
"32","9/17/2013","15.00","15.57","14.84","15.16","36300","15.06","0.00","0.00","0.00","0.00","0.00","0.00","99.33","1.20","15.38","14.65"
"33","9/18/2013","15.10","15.60","15.10","15.60","36500","15.17","0.00","0.00","0.00","0.00","0.00","0.00","97.24","0.07","15.59","14.90"
"34","9/19/2013","15.60","15.60","14.94","15.60","57800","15.43","0.00","0.00","0.00","0.00","0.00","0.00","98.94","-1.06","15.90","15.26"
"35","9/20/2013","15.45","15.47","14.56","14.80","80300","15.42","0.00","0.00","0.00","0.00","0.00","0.00","95.82","-1.17","15.85","15.18"
"36","9/23/2013","14.91","15.60","14.29","15.35","93000","14.94","0.00","0.00","0.00","0.00","0.00","0.00","97.35","0.97","15.28","14.54"
"37","9/24/2013","14.75","18.31","14.75","16.54","75400","15.12","0.00","0.00","0.00","0.00","0.00","0.00","91.43","-1.48","15.63","14.86"
"38","9/25/2013","16.48","17.35","16.40","16.77","43600","16.38","0.00","0.00","0.00","0.00","0.00","0.00","97.70","-0.95","17.22","16.05"
"39","9/26/2013","17.09","18.58","16.90","17.15","72900","16.72","0.00","0.00","0.00","0.00","0.00","0.00","97.49","-0.30","17.24","16.54"
"40","9/27/2013","17.05","18.26","17.03","18.01","43800","17.30","0.00","0.00","0.00","0.00","0.00","0.00","96.06","0.87","17.85","17.03"
"41","9/30/2013","18.02","18.02","16.12","16.85","555500","17.59","0.00","0.00","0.00","0.00","0.00","0.00","95.62","-2.34","18.27","17.49"
"42","10/1/2013","16.85","18.49","16.42","18.17","83700","16.93","0.00","0.00","0.00","0.00","0.00","0.00","93.19","0.49","17.24","16.42"
"43","10/2/2013","18.18","18.46","17.25","17.66","46400","17.56","0.00","0.00","0.00","0.00","0.00","0.00","99.46","-3.34","18.35","17.43"
"44","10/3/2013","17.90","18.35","16.50","16.70","101000","17.58","0.00","0.00","0.00","0.00","0.00","0.00","94.75","-0.48","18.10","17.31"
"45","10/4/2013","16.90","17.39","16.53","16.87","17800","17.00","0.00","0.00","0.00","0.00","0.00","0.00","99.23","1.80","17.42","16.56"
"46","10/7/2013","16.79","17.54","16.55","16.77","116600","16.81","0.00","0.00","0.00","0.00","0.00","0.00","99.77","-0.36","17.30","16.61"
"47","10/8/2013","17.10","17.30","15.23","15.65","72100","16.82","0.00","0.00","0.00","0.00","0.00","0.00","92.50","0.32","17.29","16.61"
"48","10/9/2013","15.98","16.15","15.37","16.03","17700","15.98","0.00","0.00","0.00","0.00","0.00","0.00","99.72","2.14","16.36","15.42"
"49","10/10/2013","16.30","17.74","16.30","17.04","46600","15.85","0.00","0.00","0.00","0.00","0.00","0.00","93.02","-1.12","16.32","15.63"
"50","10/11/2013","17.05","17.85","17.00","17.56","38800","16.89","0.00","0.00","0.00","0.00","0.00","0.00","96.19","-0.87","17.50","16.73"
"51","10/14/2013","17.53","17.53","17.05","17.40","22800","17.31","0.00","0.00","0.00","0.00","0.00","0.00","99.49","-1.42","17.89","17.19"
"52","10/15/2013","17.41","17.85","17.20","17.75","29900","17.19","0.00","0.00","0.00","0.00","0.00","0.00","96.87","-1.19","17.69","17.03"
"53","10/16/2013","17.81","18.33","17.51","17.76","35200","17.44","0.00","0.00","0.00","0.00","0.00","0.00","98.19","-1.75","18.01","17.32"
"54","10/17/2013","17.68","18.50","17.68","18.03","19900","17.63","0.00","0.00","0.00","0.00","0.00","0.00","97.80","-0.71","18.18","17.44"
"55","10/18/2013","18.50","19.38","18.03","19.09","36100","17.81","0.00","0.00","0.00","0.00","0.00","0.00","93.28","-1.24","18.41","17.66"
"56","10/21/2013","19.26","20.00","18.74","18.96","74900","18.49","0.00","0.00","0.00","0.00","0.00","0.00","97.55","-3.12","19.25","18.27"
"57","10/22/2013","18.98","18.98","18.00","18.19","68000","18.74","0.00","0.00","0.00","0.00","0.00","0.00","96.95","-1.14","19.39","18.35"
"58","10/23/2013","18.12","18.26","17.62","17.77","6500","18.08","0.00","0.00","0.00","0.00","0.00","0.00","98.25","-0.60","18.60","17.76"
"59","10/24/2013","17.95","18.81","17.39","17.66","50000","17.65","0.00","0.00","0.00","0.00","0.00","0.00","99.92","-0.70","18.16","17.43"
"60","10/25/2013","17.80","18.38","17.80","18.15","21500","17.68","0.00","0.00","0.00","0.00","0.00","0.00","97.42","0.12","18.23","17.41"
"61","10/28/2013","18.20","18.96","17.91","18.00","11200","17.86","0.00","0.00","0.00","0.00","0.00","0.00","99.20","-1.62","18.45","17.72"
"62","10/29/2013","18.11","18.65","17.71","18.28","26700","17.96","0.00","0.00","0.00","0.00","0.00","0.00","98.23","-0.24","18.53","17.71"
"63","10/30/2013","18.34","18.34","17.77","17.90","38600","17.95","0.00","0.00","0.00","0.00","0.00","0.00","99.70","-1.78","18.57","17.77"
"64","10/31/2013","17.94","17.96","16.86","17.38","53600","17.76","0.00","0.00","0.00","0.00","0.00","0.00","97.82","-0.78","18.26","17.54"
"65","11/1/2013","17.39","17.39","16.50","16.70","19200","17.26","0.00","0.00","0.00","0.00","0.00","0.00","96.65","-0.70","17.75","17.00"
"66","11/4/2013","17.04","17.04","16.70","16.89","9900","16.75","0.00","0.00","0.00","0.00","0.00","0.00","99.16","0.28","17.17","16.46"
"67","11/5/2013","16.86","16.86","16.26","16.77","14900","16.78","0.00","0.00","0.00","0.00","0.00","0.00","99.96","-0.67","17.23","16.61"
"68","11/6/2013","16.80","17.25","16.63","16.77","12200","16.58","0.00","0.00","0.00","0.00","0.00","0.00","98.84","-1.16","17.05","16.39"
"69","11/7/2013","16.89","17.00","15.63","15.96","29300","16.75","0.00","0.00","0.00","0.00","0.00","0.00","95.02","-0.09","17.22","16.57"
"70","11/8/2013","16.02","17.07","16.00","16.53","16700","16.13","0.00","0.00","0.00","0.00","0.00","0.00","97.56","1.05","16.53","15.72"
"71","11/11/2013","16.60","17.91","15.09","15.35","31100","16.44","0.00","0.00","0.00","0.00","0.00","0.00","92.91","-0.56","16.98","16.26"
"72","11/12/2013","15.14","15.79","15.09","15.09","8400","15.94","0.00","0.00","0.00","0.00","0.00","0.00","94.34","3.87","16.37","15.28"
"73","11/13/2013","15.05","15.93","14.67","15.93","23200","15.26","0.00","0.00","0.00","0.00","0.00","0.00","95.79","1.12","15.65","14.95"
"74","11/14/2013","15.87","15.87","15.18","15.18","11800","15.54","0.00","0.00","0.00","0.00","0.00","0.00","97.61","-2.43","16.13","15.37"
"75","11/15/2013","15.15","15.45","14.90","15.34","14900","15.37","0.00","0.00","0.00","0.00","0.00","0.00","99.80","1.25","15.71","14.99"
"76","11/18/2013","15.45","15.68","15.15","15.29","10900","15.23","0.00","0.00","0.00","0.00","0.00","0.00","99.64","-0.69","15.67","15.00"
"77","11/19/2013","15.35","15.97","14.85","15.22","15200","15.35","0.00","0.00","0.00","0.00","0.00","0.00","99.17","0.36","15.73","15.06"
"78","11/20/2013","15.28","15.80","14.77","15.32","31300","15.31","0.00","0.00","0.00","0.00","0.00","0.00","99.93","0.58","15.74","14.97"
"79","11/21/2013","15.58","15.79","14.95","15.38","5600","15.29","0.00","0.00","0.00","0.00","0.00","0.00","99.41","-0.20","15.74","14.99"
"80","11/22/2013","15.30","16.00","14.81","14.82","11000","15.37","0.00","0.00","0.00","0.00","0.00","0.00","96.32","-0.10","15.79","15.06"
"81","11/25/2013","14.93","15.31","14.50","14.75","8200","15.13","0.00","0.00","0.00","0.00","0.00","0.00","97.41","2.11","15.51","14.70"
"82","11/26/2013","14.75","15.17","13.52","14.17","70900","14.83","0.00","0.00","0.00","0.00","0.00","0.00","95.32","0.56","15.23","14.48"
"83","11/27/2013","14.18","15.10","14.18","15.03","12500","14.29","0.00","0.00","0.00","0.00","0.00","0.00","95.08","0.85","14.69","13.78"
"84","11/29/2013","15.08","15.10","14.40","14.91","5400","14.78","0.00","0.00","0.00","0.00","0.00","0.00","99.16","-1.63","15.31","14.58"
"85","12/2/2013","14.82","15.09","14.20","14.26","14000","14.83","0.00","0.00","0.00","0.00","0.00","0.00","96.01","-0.54","15.24","14.51"
"86","12/3/2013","14.13","14.20","13.01","13.47","44900","14.48","0.00","0.00","0.00","0.00","0.00","0.00","92.48","1.57","14.82","14.04"
"87","12/4/2013","13.50","14.04","13.45","13.98","19900","13.57","0.00","0.00","0.00","0.00","0.00","0.00","97.04","0.71","13.92","13.07"
"88","12/5/2013","13.63","14.99","13.63","13.86","5800","13.83","0.00","0.00","0.00","0.00","0.00","0.00","99.81","-1.05","14.27","13.58"
"89","12/6/2013","14.10","15.00","13.78","13.87","18800","14.08","0.00","0.00","0.00","0.00","0.00","0.00","98.51","1.56","14.51","13.65"
"90","12/9/2013","13.80","14.85","13.80","14.01","28100","14.15","0.00","0.00","0.00","0.00","0.00","0.00","99.02","2.00","14.53","13.68"
"91","12/10/2013","14.02","14.40","13.97","13.97","27700","14.16","0.00","0.00","0.00","0.00","0.00","0.00","98.62","1.09","14.58","13.79"
"92","12/11/2013","14.07","15.00","13.87","14.46","26900","14.09","0.00","0.00","0.00","0.00","0.00","0.00","97.41","0.83","14.43","13.75"
"93","12/12/2013","14.54","15.27","14.54","15.06","22200","14.43","0.00","0.00","0.00","0.00","0.00","0.00","95.81","-0.21","14.90","14.11"
"94","12/13/2013","15.00","17.79","14.97","16.21","66200","14.95","0.00","0.00","0.00","0.00","0.00","0.00","92.24","-0.72","15.42","14.72"
"95","12/16/2013","16.37","17.10","16.20","16.80","13500","16.19","0.00","0.00","0.00","0.00","0.00","0.00","96.38","-0.12","16.90","15.87"
"96","12/17/2013","17.33","17.34","16.03","16.18","14700","16.62","0.00","0.00","0.00","0.00","0.00","0.00","97.31","-1.10","17.16","16.46"
"97","12/18/2013","16.27","16.99","15.07","15.87","37600","16.41","0.00","0.00","0.00","0.00","0.00","0.00","96.61","1.41","16.79","16.00"
"98","12/19/2013","15.79","15.83","15.30","15.40","18300","15.93","0.00","0.00","0.00","0.00","0.00","0.00","96.57","0.37","16.42","15.53"
"99","12/20/2013","15.45","16.08","15.45","15.85","65900","15.48","0.00","0.00","0.00","0.00","0.00","0.00","97.68","0.53","15.85","15.18"
"100","12/23/2013","15.97","16.99","15.78","16.25","13500","15.77","0.00","0.00","0.00","0.00","0.00","0.00","97.03","-0.52","16.22","15.58"
"101","12/24/2013","16.03","16.83","16.03","16.33","4400","16.25","0.00","0.00","0.00","0.00","0.00","0.00","99.49","-0.02","16.76","16.02"
"102","12/26/2013","16.83","16.83","16.20","16.46","14800","16.30","0.00","0.00","0.00","0.00","0.00","0.00","99.05","-0.17","16.80","16.11"
"103","12/27/2013","16.68","16.80","16.29","16.40","20600","16.43","0.00","0.00","0.00","0.00","0.00","0.00","99.84","-0.20","16.85","16.19"
"104","12/30/2013","16.51","17.00","16.41","16.99","17800","16.41","0.00","0.00","0.00","0.00","0.00","0.00","96.60","0.08","16.83","16.19"
"105","12/31/2013","16.96","17.99","16.73","17.78","46400","16.72","0.00","0.00","0.00","0.00","0.00","0.00","94.06","-1.57","17.26","16.61"
"106","1/2/2014","17.65","17.65","16.50","17.01","22500","17.37","0.00","0.00","0.00","0.00","0.00","0.00","97.91","-2.33","18.03","17.26"
"107","1/3/2014","17.00","17.77","16.36","17.23","32200","16.94","0.00","0.00","0.00","0.00","0.00","0.00","98.33","-0.40","17.41","16.66"
"108","1/6/2014","17.37","17.98","17.04","17.26","74800","17.01","0.00","0.00","0.00","0.00","0.00","0.00","98.54","-1.28","17.59","16.81"
"109","1/7/2014","17.40","17.70","17.06","17.31","15300","17.25","0.00","0.00","0.00","0.00","0.00","0.00","99.64","-0.07","17.74","17.04"
"110","1/8/2014","17.33","18.46","17.33","18.04","34600","17.19","0.00","0.00","0.00","0.00","0.00","0.00","95.32","-0.66","17.70","17.02"
"111","1/9/2014","18.19","19.50","18.10","18.89","78400","17.72","0.00","0.00","0.00","0.00","0.00","0.00","93.80","-1.78","18.38","17.59"
"112","1/10/2014","18.96","18.99","18.23","18.65","21300","18.47","0.00","0.00","0.00","0.00","0.00","0.00","99.01","-2.25","19.20","18.24"
"113","1/13/2014","18.64","18.76","18.21","18.40","57100","18.29","0.00","0.00","0.00","0.00","0.00","0.00","99.42","-1.91","18.89","18.03"
"114","1/14/2014","18.48","19.64","18.39","18.95","53000","18.15","0.00","0.00","0.00","0.00","0.00","0.00","95.77","-1.36","18.70","17.92"
"115","1/15/2014","19.00","19.00","18.50","18.51","356000","18.58","0.00","0.00","0.00","0.00","0.00","0.00","99.64","-1.97","19.30","18.32"
"116","1/16/2014","18.55","19.07","18.45","18.89","29100","18.36","0.00","0.00","0.00","0.00","0.00","0.00","97.17","-0.84","18.79","18.00"
"117","1/17/2014","18.98","19.63","18.49","18.54","60900","18.44","0.00","0.00","0.00","0.00","0.00","0.00","99.47","-2.37","19.11","18.24"
"118","1/21/2014","18.50","19.00","18.27","18.98","70800","18.45","0.00","0.00","0.00","0.00","0.00","0.00","97.23","-0.46","19.05","18.11"
"119","1/22/2014","18.48","19.00","18.42","18.96","33700","18.43","0.00","0.00","0.00","0.00","0.00","0.00","97.21","-2.89","19.11","18.24"
"120","1/23/2014","18.83","19.20","18.65","18.75","69100","18.45","0.00","0.00","0.00","0.00","0.00","0.00","98.38","-2.71","19.12","18.26"
"121","1/24/2014","18.66","18.95","18.02","18.50","105300","18.47","0.00","0.00","0.00","0.00","0.00","0.00","99.86","-1.47","19.07","18.21"
"122","1/27/2014","18.60","18.60","17.78","17.79","144200","18.20","0.00","0.00","0.00","0.00","0.00","0.00","97.70","-1.63","18.78","17.95"
"123","1/28/2014","17.50","17.80","17.13","17.51","151700","17.80","0.00","0.00","0.00","0.00","0.00","0.00","98.32","0.08","18.24","17.50"
"124","1/29/2014","17.30","17.44","15.50","15.57","453900","17.34","0.00","0.00","0.00","0.00","0.00","0.00","88.61","-0.95","17.83","17.18"
"125","1/30/2014","15.74","16.09","15.65","15.92","187200","16.09","0.00","0.00","0.00","0.00","0.00","0.00","98.90","3.37","16.30","15.48"
"126","1/31/2014","15.72","16.25","15.44","15.89","134900","15.88","0.00","0.00","0.00","0.00","0.00","0.00","99.93","-0.26","16.27","15.69"
"127","2/3/2014","15.74","16.24","14.96","15.95","205500","15.84","0.00","0.00","0.00","0.00","0.00","0.00","99.34","-0.28","16.28","15.62"
"128","2/4/2014","15.83","15.86","15.06","15.45","98400","15.76","0.00","0.00","0.00","0.00","0.00","0.00","98.01","-1.21","16.22","15.51"
"129","2/5/2014","15.29","15.43","14.69","15.09","156500","15.47","0.00","0.00","0.00","0.00","0.00","0.00","97.51","0.10","15.84","15.15"
"130","2/6/2014","15.47","15.83","14.90","15.09","39800","15.10","0.00","0.00","0.00","0.00","0.00","0.00","99.96","0.04","15.46","14.79"
"131","2/7/2014","15.32","15.40","15.00","15.17","131800","15.24","0.00","0.00","0.00","0.00","0.00","0.00","99.54","1.00","15.62","14.88"
"132","2/10/2014","15.08","16.07","15.08","15.66","22500","15.20","0.00","0.00","0.00","0.00","0.00","0.00","97.06","0.20","15.54","14.93"
"133","2/11/2014","15.84","15.84","14.70","15.00","1774900","15.57","0.00","0.00","0.00","0.00","0.00","0.00","96.21","-0.58","16.08","15.36"
"134","2/12/2014","14.96","15.10","14.42","14.70","154200","14.89","0.00","0.00","0.00","0.00","0.00","0.00","98.70","-0.73","14.90","14.23"
"135","2/13/2014","14.57","14.87","14.46","14.60","46700","14.76","0.00","0.00","0.00","0.00","0.00","0.00","98.90","0.41","15.10","14.43"
"136","2/14/2014","14.59","14.91","14.20","14.25","45000","14.64","0.00","0.00","0.00","0.00","0.00","0.00","97.29","0.25","15.01","14.35"
"137","2/18/2014","14.38","15.00","14.25","14.31","72100","14.43","0.00","0.00","0.00","0.00","0.00","0.00","99.18","1.25","14.77","14.04"
"138","2/19/2014","14.35","15.00","13.99","14.04","68500","14.48","0.00","0.00","0.00","0.00","0.00","0.00","96.83","1.22","14.84","14.13"
"139","2/20/2014","14.10","14.79","13.88","13.90","53800","14.30","0.00","0.00","0.00","0.00","0.00","0.00","97.15","1.83","14.64","13.86"
"140","2/21/2014","14.00","14.02","13.34","13.48","199100","14.14","0.00","0.00","0.00","0.00","0.00","0.00","95.11","1.72","14.49","13.72"
"141","2/24/2014","13.59","13.64","13.10","13.19","47900","13.62","0.00","0.00","0.00","0.00","0.00","0.00","96.73","1.05","13.90","13.22"
"142","2/25/2014","13.25","13.47","13.05","13.46","65900","13.29","0.00","0.00","0.00","0.00","0.00","0.00","98.77","0.79","13.61","12.90"
"143","2/26/2014","13.47","14.12","13.31","14.03","123900","13.34","0.00","0.00","0.00","0.00","0.00","0.00","95.09","-0.88","13.72","13.08"
"144","2/27/2014","14.23","14.61","13.98","14.12","74000","13.85","0.00","0.00","0.00","0.00","0.00","0.00","98.08","-1.29","14.29","13.61"
"145","2/28/2014","14.49","15.99","14.45","14.53","132100","14.22","0.00","0.00","0.00","0.00","0.00","0.00","97.90","0.74","14.58","13.88"
"146","3/3/2014","14.60","15.24","14.30","15.15","165200","14.89","0.00","0.00","0.00","0.00","0.00","0.00","98.32","2.51","15.30","14.47"
"147","3/4/2014","15.25","15.50","14.84","14.93","132000","14.94","0.00","0.00","0.00","0.00","0.00","0.00","99.91","-1.36","15.41","14.73"
"148","3/5/2014","15.01","15.07","14.66","14.69","56000","15.08","0.00","0.00","0.00","0.00","0.00","0.00","97.35","1.00","15.41","14.75"
"149","3/6/2014","14.82","14.95","14.45","14.49","63500","14.80","0.00","0.00","0.00","0.00","0.00","0.00","97.87","0.74","15.13","14.47"
"150","3/7/2014","15.00","15.02","14.00","14.45","207200","14.62","0.00","0.00","0.00","0.00","0.00","0.00","98.82","0.90","14.95","14.27"
"151","3/10/2014","14.50","15.00","14.47","14.69","51700","14.53","0.00","0.00","0.00","0.00","0.00","0.00","98.90","0.54","14.85","14.12"
"152","3/11/2014","14.70","14.97","14.70","14.81","160500","14.71","0.00","0.00","0.00","0.00","0.00","0.00","99.32","0.13","15.10","14.44"
"153","3/12/2014","14.79","14.80","14.40","14.53","133700","14.84","0.00","0.00","0.00","0.00","0.00","0.00","97.89","0.18","15.18","14.60"
"154","3/13/2014","14.53","14.74","14.42","14.56","152400","14.59","0.00","0.00","0.00","0.00","0.00","0.00","99.76","0.44","14.91","14.28"
"155","3/14/2014","14.47","14.90","14.40","14.70","197400","14.59","0.00","0.00","0.00","0.00","0.00","0.00","99.24","0.19","14.92","14.32"
"156","3/17/2014","14.66","14.70","14.47","14.61","325000","14.69","0.00","0.00","0.00","0.00","0.00","0.00","99.48","-0.09","15.05","14.44"
"157","3/18/2014","14.60","14.91","14.50","14.76","309700","14.63","0.00","0.00","0.00","0.00","0.00","0.00","99.14","0.16","14.91","14.39"
"158","3/19/2014","14.81","14.82","14.55","14.71","207700","14.76","0.00","0.00","0.00","0.00","0.00","0.00","99.69","-0.03","15.08","14.52"
"159","3/20/2014","14.61","14.88","14.50","14.76","96500","14.73","0.00","0.00","0.00","0.00","0.00","0.00","99.77","0.11","15.03","14.46"
"160","3/21/2014","14.77","14.80","14.56","14.75","149400","14.73","0.00","0.00","0.00","0.00","0.00","0.00","99.85","-0.22","15.10","14.48"
"161","3/24/2014","14.74","14.74","14.40","14.65","158600","14.73","0.00","0.00","0.00","0.00","0.00","0.00","99.44","-0.12","15.07","14.48"
"162","3/25/2014","14.76","14.85","14.62","14.75","119800","14.63","0.00","0.00","0.00","0.00","0.00","0.00","99.20","-0.12","14.96","14.36"
"163","3/26/2014","14.89","14.89","14.46","14.75","189600","14.76","0.00","0.00","0.00","0.00","0.00","0.00","99.95","0.05","15.09","14.50"
"164","3/27/2014","14.71","14.71","13.75","13.99","160200","14.74","0.00","0.00","0.00","0.00","0.00","0.00","94.64","-0.07","15.07","14.46"
"165","3/28/2014","14.01","14.15","13.61","13.83","94800","14.16","0.00","0.00","0.00","0.00","0.00","0.00","97.58","1.24","14.46","13.71"
"166","3/31/2014","14.05","14.05","13.75","13.97","110800","13.87","0.00","0.00","0.00","0.00","0.00","0.00","99.30","0.31","14.21","13.53"
"167","4/1/2014","13.97","14.02","13.75","13.91","87400","13.95","0.00","0.00","0.00","0.00","0.00","0.00","99.72","-0.15","14.28","13.66"
"168","4/2/2014","13.96","14.03","13.85","13.95","70000","13.91","0.00","0.00","0.00","0.00","0.00","0.00","99.70","-0.01","14.24","13.61"
"169","4/3/2014","13.98","14.00","13.60","13.70","203900","13.95","0.00","0.00","0.00","0.00","0.00","0.00","98.16","0.02","14.29","13.67"
"170","4/4/2014","13.79","13.79","13.42","13.58","161000","13.78","0.00","0.00","0.00","0.00","0.00","0.00","98.51","0.60","14.07","13.45"
"171","4/7/2014","13.58","13.75","13.30","13.55","196900","13.61","0.00","0.00","0.00","0.00","0.00","0.00","99.53","0.25","13.92","13.29"
"172","4/8/2014","13.58","13.67","13.38","13.67","74300","13.55","0.00","0.00","0.00","0.00","0.00","0.00","99.13","0.00","13.87","13.26"
"173","4/9/2014","13.67","13.80","13.62","13.76","101900","13.59","0.00","0.00","0.00","0.00","0.00","0.00","98.78","-0.57","13.95","13.32"
"174","4/10/2014","13.73","13.73","13.27","13.51","112900","13.74","0.00","0.00","0.00","0.00","0.00","0.00","98.31","-0.16","14.07","13.47"
"175","4/11/2014","13.26","13.46","12.54","12.71","178800","13.52","0.00","0.00","0.00","0.00","0.00","0.00","93.63","0.07","13.84","13.18"
"176","4/14/2014","12.80","12.80","12.21","12.51","92000","12.88","0.00","0.00","0.00","0.00","0.00","0.00","97.07","1.31","13.17","12.44"
"177","4/15/2014","12.50","12.60","11.94","12.21","211500","12.49","0.00","0.00","0.00","0.00","0.00","0.00","97.68","-0.13","12.82","12.15"
"178","4/16/2014","11.95","12.40","11.51","11.91","137900","12.22","0.00","0.00","0.00","0.00","0.00","0.00","97.37","0.11","12.53","11.90"
"179","4/17/2014","11.80","12.31","11.73","11.97","171800","11.88","0.00","0.00","0.00","0.00","0.00","0.00","99.28","-0.22","12.25","11.57"
"180","4/21/2014","11.94","11.99","11.63","11.84","85700","11.94","0.00","0.00","0.00","0.00","0.00","0.00","99.15","-0.24","12.29","11.69"
"181","4/22/2014","11.87","12.11","11.77","11.82","122200","11.77","0.00","0.00","0.00","0.00","0.00","0.00","99.61","-0.56","12.10","11.52"
"182","4/23/2014","11.85","12.10","11.66","12.06","75500","11.83","0.00","0.00","0.00","0.00","0.00","0.00","98.12","0.11","12.15","11.57"
"183","4/24/2014","12.08","12.53","11.89","12.11","170100","11.90","0.00","0.00","0.00","0.00","0.00","0.00","98.30","-1.29","12.28","11.69"
"184","4/25/2014","12.11","12.21","11.60","11.83","75100","12.12","0.00","0.00","0.00","0.00","0.00","0.00","97.54","0.09","12.46","11.83"
"185","4/28/2014","11.83","12.54","11.70","12.22","83300","11.83","0.00","0.00","0.00","0.00","0.00","0.00","96.79","-0.02","12.16","11.51"
"186","4/29/2014","12.24","12.90","11.73","12.50","114900","12.10","0.00","0.00","0.00","0.00","0.00","0.00","96.82","-0.96","12.52","11.85"
"187","4/30/2014","12.45","12.74","12.04","12.18","135300","12.36","0.00","0.00","0.00","0.00","0.00","0.00","98.56","-1.16","12.79","12.05"
"188","5/1/2014","12.18","13.50","12.18","13.45","212700","12.27","0.00","0.00","0.00","0.00","0.00","0.00","91.21","0.72","12.58","11.91"
"189","5/2/2014","13.00","13.30","12.82","12.95","287500","13.06","0.00","0.00","0.00","0.00","0.00","0.00","99.12","-2.87","13.60","12.91"
"190","5/5/2014","12.86","12.86","12.32","12.54","118400","13.01","0.00","0.00","0.00","0.00","0.00","0.00","96.24","0.47","13.30","12.72"
"191","5/6/2014","12.59","12.59","11.67","11.76","102600","12.56","0.00","0.00","0.00","0.00","0.00","0.00","93.21","0.15","12.87","12.21"
"192","5/7/2014","11.72","13.75","11.04","11.14","180700","11.94","0.00","0.00","0.00","0.00","0.00","0.00","92.79","1.56","12.23","11.48"
"193","5/8/2014","11.04","11.47","10.83","10.91","104200","11.75","0.00","0.00","0.00","0.00","0.00","0.00","92.33","5.45","12.12","11.02"
"194","5/9/2014","10.83","10.90","10.22","10.40","122200","10.95","0.00","0.00","0.00","0.00","0.00","0.00","94.75","0.33","11.28","10.69"
"195","5/12/2014","9.36","10.85","9.36","10.42","130100","10.39","0.00","0.00","0.00","0.00","0.00","0.00","99.66","-0.14","10.70","10.15"
"196","5/13/2014","10.39","11.12","9.80","9.85","163600","10.05","0.00","0.00","0.00","0.00","0.00","0.00","97.93","-3.52","10.59","9.98"
"197","5/14/2014","9.51","9.79","9.20","9.34","552900","10.05","0.00","0.00","0.00","0.00","0.00","0.00","92.38","2.05","10.37","9.71"
"198","5/15/2014","9.14","9.39","9.09","9.25","402100","9.24","0.00","0.00","0.00","0.00","0.00","0.00","99.88","-1.08","9.52","9.22"
"199","5/16/2014","9.22","9.40","9.12","9.34","208100","9.05","0.00","0.00","0.00","0.00","0.00","0.00","96.89","-2.16","9.36","9.09"
"200","5/19/2014","9.00","9.07","8.21","8.80","306800","9.11","0.00","0.00","0.00","0.00","0.00","0.00","96.43","-2.41","9.45","9.13"
"201","5/20/2014","8.76","8.77","8.33","8.56","124100","8.52","0.00","0.00","0.00","0.00","0.00","0.00","99.50","-3.22","8.89","8.51"
"202","5/21/2014","8.56","8.90","8.56","8.74","109000","8.36","0.00","0.00","0.00","0.00","0.00","0.00","95.68","-2.31","8.70","8.36"
"203","5/22/2014","8.73","8.99","8.67","8.85","95100","8.53","0.00","0.00","0.00","0.00","0.00","0.00","96.36","-2.43","8.88","8.55"
"204","5/23/2014","8.75","9.15","8.69","9.08","29000","8.64","0.00","0.00","0.00","0.00","0.00","0.00","95.16","-2.36","8.99","8.66"
"205","5/27/2014","9.11","10.97","9.08","10.60","153400","8.79","0.00","0.00","0.00","0.00","0.00","0.00","82.95","-3.16","9.19","8.81"
"206","5/28/2014","10.69","11.05","10.49","10.83","115000","10.07","0.00","0.00","0.00","0.00","0.00","0.00","93.00","-4.98","10.70","10.03"
"207","5/29/2014","10.96","11.17","10.72","10.90","105300","10.69","0.00","0.00","0.00","0.00","0.00","0.00","98.03","-1.34","11.05","10.53"
"208","5/30/2014","10.92","11.09","10.76","10.87","83000","10.83","0.00","0.00","0.00","0.00","0.00","0.00","99.61","-0.66","11.16","10.63"
"209","6/2/2014","10.80","11.23","9.72","9.82","79100","10.80","0.00","0.00","0.00","0.00","0.00","0.00","90.01","-0.63","11.13","10.62"
"210","6/3/2014","9.71","10.02","9.37","9.80","105200","10.07","0.00","0.00","0.00","0.00","0.00","0.00","97.26","2.53","10.39","9.63"
"211","6/4/2014","9.80","9.97","9.31","9.38","123500","9.58","0.00","0.00","0.00","0.00","0.00","0.00","97.84","-2.22","9.97","9.51"
"212","6/5/2014","9.32","9.84","9.27","9.60","79400","9.37","0.00","0.00","0.00","0.00","0.00","0.00","97.60","-0.11","9.69","9.21"
"213","6/6/2014","9.85","10.33","9.75","10.07","1652300","9.40","0.00","0.00","0.00","0.00","0.00","0.00","93.31","-2.13","9.79","9.35"
"214","6/9/2014","10.11","10.67","10.05","10.53","164400","9.75","0.00","0.00","0.00","0.00","0.00","0.00","92.61","-3.16","9.90","9.86"
"215","6/10/2014","10.50","11.00","10.50","10.95","128800","10.29","0.00","0.00","0.00","0.00","0.00","0.00","94.01","-2.24","10.69","10.22"
"216","6/11/2014","10.93","11.19","10.70","10.76","167900","10.72","0.00","0.00","0.00","0.00","0.00","0.00","99.61","-2.12","11.11","10.62"
"217","6/12/2014","10.71","11.24","10.71","11.19","109100","10.76","0.00","0.00","0.00","0.00","0.00","0.00","96.19","0.04","11.07","10.55"
"218","6/13/2014","11.25","11.50","11.02","11.12","333100","10.96","0.00","0.00","0.00","0.00","0.00","0.00","98.56","-2.06","11.36","10.84"
"219","6/16/2014","11.19","11.50","11.08","11.45","123500","11.12","0.00","0.00","0.00","0.00","0.00","0.00","97.09","-0.03","11.40","10.93"
"220","6/17/2014","11.41","11.74","11.35","11.73","118200","11.28","0.00","0.00","0.00","0.00","0.00","0.00","96.13","-1.52","11.65","11.12"
"221","6/18/2014","11.68","11.81","11.36","11.57","79300","11.55","0.00","0.00","0.00","0.00","0.00","0.00","99.85","-1.51","11.93","11.39"
"222","6/19/2014","11.60","11.74","11.30","11.66","79700","11.52","0.00","0.00","0.00","0.00","0.00","0.00","98.76","-0.47","11.85","11.26"
"223","6/20/2014","11.74","11.80","11.52","11.62","140200","11.52","0.00","0.00","0.00","0.00","0.00","0.00","99.11","-1.23","11.88","11.30"
"224","6/23/2014","11.60","11.87","11.35","11.57","66800","11.59","0.00","0.00","0.00","0.00","0.00","0.00","99.86","-0.29","11.89","11.35"
"225","6/24/2014","11.52","11.70","11.04","11.15","74900","11.52","0.00","0.00","0.00","0.00","0.00","0.00","96.65","-0.40","11.87","11.27"
"226","6/25/2014","11.14","11.19","10.78","10.92","69600","11.20","0.00","0.00","0.00","0.00","0.00","0.00","97.44","0.44","11.52","10.89"
"227","6/26/2014","10.95","11.35","10.51","10.79","66600","10.87","0.00","0.00","0.00","0.00","0.00","0.00","99.28","-0.48","11.19","10.65"
"228","6/27/2014","10.78","10.98","10.41","10.50","796400","10.77","0.00","0.00","0.00","0.00","0.00","0.00","97.47","-0.23","11.13","10.50"
"229","6/30/2014","11.20","11.84","10.74","11.62","132800","10.48","0.00","0.00","0.00","0.00","0.00","0.00","90.16","-0.22","10.68","10.43"
"230","7/1/2014","11.59","11.79","11.18","11.25","119800","11.35","0.00","0.00","0.00","0.00","0.00","0.00","99.12","-2.34","11.80","11.15"
"231","7/2/2014","11.26","11.84","11.22","11.69","90800","11.31","0.00","0.00","0.00","0.00","0.00","0.00","96.77","0.56","11.62","11.01"
"232","7/3/2014","11.74","11.74","11.46","11.66","29500","11.52","0.00","0.00","0.00","0.00","0.00","0.00","98.76","-1.49","11.92","11.33"
"233","7/7/2014","11.61","11.71","11.00","11.11","83700","11.57","0.00","0.00","0.00","0.00","0.00","0.00","95.90","-0.81","11.91","11.33"
"234","7/8/2014","11.13","11.33","10.74","11.21","89200","11.18","0.00","0.00","0.00","0.00","0.00","0.00","99.72","0.62","11.49","10.84"
"235","7/9/2014","11.22","11.27","10.80","10.91","40300","11.02","0.00","0.00","0.00","0.00","0.00","0.00","98.95","-1.66","11.40","10.84"
"236","7/10/2014","10.79","10.79","10.23","10.61","45000","10.89","0.00","0.00","0.00","0.00","0.00","0.00","97.33","-0.15","11.22","10.64"
"237","7/11/2014","10.62","11.05","10.58","10.75","67700","10.45","0.00","0.00","0.00","0.00","0.00","0.00","97.21","-1.51","10.81","10.27"
"238","7/14/2014","10.85","11.24","10.62","10.76","67500","10.67","0.00","0.00","0.00","0.00","0.00","0.00","99.16","-0.75","11.03","10.50"
"239","7/15/2014","10.62","10.85","10.08","10.17","57300","10.75","0.00","0.00","0.00","0.00","0.00","0.00","94.32","-0.11","11.09","10.51"
"240","7/16/2014","10.24","10.29","9.82","9.87","86000","10.22","0.00","0.00","0.00","0.00","0.00","0.00","96.49","0.46","10.54","9.95"
"241","7/17/2014","9.79","9.95","9.34","9.38","92200","9.84","0.00","0.00","0.00","0.00","0.00","0.00","95.08","-0.29","10.15","9.67"
"242","7/18/2014","9.35","9.57","9.25","9.48","67700","9.37","0.00","0.00","0.00","0.00","0.00","0.00","98.87","-0.07","9.69","9.22"
"243","7/21/2014","9.47","9.68","9.12","9.29","93700","9.27","0.00","0.00","0.00","0.00","0.00","0.00","99.77","-2.23","9.63","9.25"
"244","7/22/2014","9.34","9.89","9.32","9.77","84500","9.18","0.00","0.00","0.00","0.00","0.00","0.00","93.99","-1.15","9.53","9.09"
"245","7/23/2014","9.83","9.92","9.63","9.75","61200","9.50","0.00","0.00","0.00","0.00","0.00","0.00","97.44","-2.76","9.91","9.48"
"246","7/24/2014","9.80","10.20","9.46","9.61","66800","9.61","0.00","0.00","0.00","0.00","0.00","0.00","99.95","-1.39","9.95","9.54"
"247","7/25/2014","9.50","10.01","9.21","9.65","53600","9.58","0.00","0.00","0.00","0.00","0.00","0.00","99.23","-0.36","9.92","9.41"
"248","7/28/2014","9.69","11.59","9.21","9.21","148500","9.46","0.00","0.00","0.00","0.00","0.00","0.00","97.32","-2.00","9.86","9.36"
"249","7/29/2014","9.27","10.25","9.23","10.05","131200","9.68","0.00","0.00","0.00","0.00","0.00","0.00","96.32","5.10","10.05","9.17"
"250","7/30/2014","10.12","10.20","9.62","9.77","87900","9.69","0.00","0.00","0.00","0.00","0.00","0.00","99.17","-3.59","10.17","9.66"
"251","7/31/2014","9.70","10.20","9.24","9.27","285100","9.71","0.00","0.00","0.00","0.00","0.00","0.00","95.25","-0.61","10.04","9.55"
"252","8/1/2014","9.30","9.74","8.96","9.09","97000","9.35","0.00","0.00","0.00","0.00","0.00","0.00","97.14","0.86","9.65","9.16"
"253","8/4/2014","9.07","9.50","8.78","9.26","70600","9.05","0.00","0.00","0.00","0.00","0.00","0.00","97.78","-0.39","9.40","8.92"
"254","8/5/2014","9.25","9.48","8.92","9.21","44400","9.01","0.00","0.00","0.00","0.00","0.00","0.00","97.78","-2.75","9.41","8.97"
"255","8/6/2014","9.19","9.75","9.09","9.65","55700","9.03","0.00","0.00","0.00","0.00","0.00","0.00","93.56","-1.97","9.40","8.97"
"256","8/7/2014","9.69","9.69","9.16","9.54","77500","9.34","0.00","0.00","0.00","0.00","0.00","0.00","97.88","-3.24","9.77","9.32"
"257","8/8/2014","8.06","8.06","5.31","5.51","1370700","9.32","0.00","0.00","0.00","0.00","0.00","0.00","30.82","-2.29","9.69","9.26"
"258","8/11/2014","5.66","5.85","5.45","5.51","391100","5.92","0.00","0.00","0.00","0.00","0.00","0.00","92.62","7.38","6.05","5.54"
"259","8/12/2014","5.52","5.55","5.17","5.25","292100","5.35","0.00","0.00","0.00","0.00","0.00","0.00","98.06","-2.87","5.62","5.29"
"260","8/13/2014","5.23","5.35","5.13","5.27","149700","5.11","0.00","0.00","0.00","0.00","0.00","0.00","96.92","-2.71","5.37","5.03"
"261","8/14/2014","5.30","5.95","5.30","5.55","304600","5.07","0.00","0.00","0.00","0.00","0.00","0.00","91.27","-3.88","5.34","5.01"
"262","8/15/2014","5.61","5.95","5.61","5.79","186500","5.34","0.00","0.00","0.00","0.00","0.00","0.00","92.28","-3.73","5.66","5.26"
"263","8/18/2014","5.86","5.95","5.72","5.84","91600","5.56","0.00","0.00","0.00","0.00","0.00","0.00","95.15","-4.03","5.87","5.53"
"264","8/19/2014","5.88","6.50","5.84","5.95","218600","5.63","0.00","0.00","0.00","0.00","0.00","0.00","94.68","-3.53","5.93","5.63"
"265","8/20/2014","5.95","6.26","5.53","5.81","182600","5.82","0.00","0.00","0.00","0.00","0.00","0.00","99.77","-2.13","6.14","5.76"
"266","8/21/2014","5.78","5.79","5.60","5.76","79300","5.64","0.00","0.00","0.00","0.00","0.00","0.00","97.85","-2.99","5.96","5.57"
"267","8/22/2014","5.78","5.89","5.56","5.57","100900","5.53","0.00","0.00","0.00","0.00","0.00","0.00","99.27","-4.00","5.83","5.53"
"268","8/25/2014","5.59","5.80","5.56","5.61","119000","5.46","0.00","0.00","0.00","0.00","0.00","0.00","97.34","-1.96","5.73","5.41"
"269","8/26/2014","5.60","5.78","5.50","5.70","125200","5.44","0.00","0.00","0.00","0.00","0.00","0.00","95.49","-2.98","5.73","5.41"
"270","8/27/2014","5.72","6.03","5.70","5.94","88000","5.46","0.00","0.00","0.00","0.00","0.00","0.00","91.91","-4.22","5.76","5.44"
"271","8/28/2014","5.94","6.00","5.77","5.90","99900","5.68","0.00","0.00","0.00","0.00","0.00","0.00","96.29","-4.36","6.01","5.68"
"272","8/29/2014","5.91","6.11","5.55","5.75","219700","5.69","0.00","0.00","0.00","0.00","0.00","0.00","98.89","-3.62","5.98","5.68"
"273","9/2/2014","5.76","5.89","5.58","5.65","108000","5.57","0.00","0.00","0.00","0.00","0.00","0.00","98.66","-3.06","5.88","5.52"
"274","9/3/2014","5.45","5.54","3.15","3.15","2549800","5.50","0.00","0.00","0.00","0.00","0.00","0.00","25.51","-2.72","5.78","5.46"
"275","9/4/2014","3.19","3.25","3.05","3.12","1019100","3.88","0.00","0.00","0.00","0.00","0.00","0.00","75.50","23.31","3.70","3.28"
"276","9/5/2014","3.13","3.14","2.80","2.87","1030200","3.06","0.00","0.00","0.00","0.00","0.00","0.00","93.35","-1.90","3.18","2.90"
"277","9/8/2014","3.05","3.19","2.92","3.18","470800","2.88","0.00","0.00","0.00","0.00","0.00","0.00","90.71","0.51","2.99","2.73"
"278","9/9/2014","3.18","3.19","2.95","3.00","298700","3.08","0.00","0.00","0.00","0.00","0.00","0.00","97.38","-3.19","3.25","2.88"
"279","9/10/2014","3.00","3.25","2.97","3.04","633700","3.05","0.00","0.00","0.00","0.00","0.00","0.00","99.57","1.77","3.19","2.85"
"280","9/11/2014","3.10","3.19","3.01","3.16","141300","3.03","0.00","0.00","0.00","0.00","0.00","0.00","95.79","-0.43","3.17","2.83"
"281","9/12/2014","3.17","3.25","3.13","3.19","164900","3.16","0.00","0.00","0.00","0.00","0.00","0.00","98.90","-0.16","3.31","2.96"
"282","9/15/2014","3.17","3.17","2.96","3.05","190100","3.20","0.00","0.00","0.00","0.00","0.00","0.00","94.95","0.44","3.35","3.01"
"283","9/16/2014","3.05","3.15","3.01","3.06","168400","3.09","0.00","0.00","0.00","0.00","0.00","0.00","98.98","1.35","3.23","2.89"
"284","9/17/2014","3.06","3.06","2.90","3.00","517600","3.10","0.00","0.00","0.00","0.00","0.00","0.00","96.61","1.36","3.24","2.90"
"285","9/18/2014","3.00","3.00","2.72","2.92","303300","2.97","0.00","0.00","0.00","0.00","0.00","0.00","98.13","-0.84","3.11","2.79"
"286","9/19/2014","2.92","3.14","2.85","2.99","418600","2.92","0.00","0.00","0.00","0.00","0.00","0.00","97.78","0.12","3.07","2.72"
"287","9/22/2014","2.99","3.11","2.87","3.08","446900","2.98","0.00","0.00","0.00","0.00","0.00","0.00","96.86","-0.22","3.13","2.77"
"288","9/23/2014","3.03","3.05","2.80","2.87","184500","3.01","0.00","0.00","0.00","0.00","0.00","0.00","94.97","-2.13","3.17","2.82"
"289","9/24/2014","2.86","3.00","2.77","3.00","158100","2.96","0.00","0.00","0.00","0.00","0.00","0.00","98.63","3.10","3.08","2.75"
"290","9/25/2014","2.98","2.98","2.77","2.79","164200","2.99","0.00","0.00","0.00","0.00","0.00","0.00","92.90","-0.40","3.14","2.79"
"291","9/26/2014","2.79","2.83","2.61","2.67","219000","2.91","0.00","0.00","0.00","0.00","0.00","0.00","90.97","4.34","3.02","2.71"
"292","9/29/2014","2.64","2.70","2.41","2.62","228000","2.78","0.00","0.00","0.00","0.00","0.00","0.00","93.86","4.15","2.89","2.58"
"293","9/30/2014","2.65","2.86","2.51","2.66","321200","2.68","0.00","0.00","0.00","0.00","0.00","0.00","99.10","2.44","2.80","2.49"
"294","10/1/2014","2.65","2.68","2.48","2.50","189300","2.73","0.00","0.00","0.00","0.00","0.00","0.00","90.65","2.77","2.86","2.52"
"295","10/2/2014","2.51","2.70","2.42","2.61","148900","2.66","0.00","0.00","0.00","0.00","0.00","0.00","98.03","6.45","2.75","2.46"
"296","10/3/2014","2.66","2.75","2.52","2.65","76800","2.69","0.00","0.00","0.00","0.00","0.00","0.00","98.32","3.24","2.81","2.49"
"297","10/6/2014","2.65","2.65","2.15","2.53","458800","2.77","0.00","0.00","0.00","0.00","0.00","0.00","90.70","4.35","2.87","2.57"
"298","10/7/2014","2.49","2.56","2.40","2.49","71900","2.54","0.00","0.00","0.00","0.00","0.00","0.00","97.95","0.44","2.67","2.36"
"299","10/8/2014","2.51","2.51","2.22","2.39","202500","2.64","0.00","0.00","0.00","0.00","0.00","0.00","89.62","5.95","2.72","2.45"
"300","10/9/2014","2.48","2.48","2.23","2.29","221600","2.52","0.00","0.00","0.00","0.00","0.00","0.00","89.86","5.54","2.61","2.34"
"301","10/10/2014","2.22","2.25","1.85","1.99","571600","2.48","0.00","0.00","0.00","0.00","0.00","0.00","75.50","8.19","2.55","2.29"
"302","10/13/2014","2.00","2.58","1.90","2.58","411200","2.17","0.00","0.00","0.00","0.00","0.00","0.00","84.17","9.12","2.23","2.04"
"303","10/14/2014","2.60","2.60","2.21","2.26","207400","2.47","0.00","0.00","0.00","0.00","0.00","0.00","90.70","-4.26","2.64","2.28"
"304","10/15/2014","2.26","2.28","2.15","2.24","103400","2.49","0.00","0.00","0.00","0.00","0.00","0.00","88.68","10.34","2.57","2.30"
"305","10/16/2014","2.23","2.34","2.19","2.23","84600","2.42","0.00","0.00","0.00","0.00","0.00","0.00","91.33","8.19","2.48","2.25"
"306","10/17/2014","2.33","2.36","2.23","2.27","112300","2.44","0.00","0.00","0.00","0.00","0.00","0.00","92.36","9.57","2.50","2.26"
"307","10/20/2014","2.27","2.61","2.20","2.61","166900","2.47","0.00","0.00","0.00","0.00","0.00","0.00","94.53","8.69","2.53","2.29"
"308","10/21/2014","2.74","3.37","2.64","3.06","786600","2.61","0.00","0.00","0.00","0.00","0.00","0.00","85.42","0.15","2.75","2.41"
"309","10/22/2014","3.00","3.00","2.74","2.80","241300","2.96","0.00","0.00","0.00","0.00","0.00","0.00","94.44","-3.41","3.14","2.75"
"310","10/23/2014","2.81","2.93","2.61","2.79","185200","2.90","0.00","0.00","0.00","0.00","0.00","0.00","96.19","3.44","3.02","2.69"
"311","10/24/2014","2.79","2.79","2.50","2.54","223300","2.85","0.00","0.00","0.00","0.00","0.00","0.00","87.70","2.24","2.98","2.64"
"312","10/27/2014","2.57","2.64","2.42","2.46","63100","2.70","0.00","0.00","0.00","0.00","0.00","0.00","90.23","6.31","2.80","2.50"
"313","10/28/2014","2.50","2.79","2.46","2.72","336500","2.65","0.00","0.00","0.00","0.00","0.00","0.00","97.53","7.84","2.73","2.46"
"314","10/29/2014","2.74","2.74","2.57","2.60","51200","2.72","0.00","0.00","0.00","0.00","0.00","0.00","95.34","0.04","2.86","2.51"
"315","10/30/2014","2.56","2.60","2.50","2.58","46400","2.77","0.00","0.00","0.00","0.00","0.00","0.00","92.77","6.40","2.86","2.58"
"316","10/31/2014","2.65","2.65","2.50","2.62","75700","2.71","0.00","0.00","0.00","0.00","0.00","0.00","96.56","5.04","2.80","2.53"
"317","11/3/2014","2.61","2.65","2.36","2.41","116300","2.73","0.00","0.00","0.00","0.00","0.00","0.00","86.70","4.22","2.83","2.55"
"318","11/4/2014","2.39","2.61","2.30","2.53","172900","2.61","0.00","0.00","0.00","0.00","0.00","0.00","96.76","8.38","2.69","2.42"
"319","11/5/2014","2.61","2.65","2.42","2.59","137600","2.61","0.00","0.00","0.00","0.00","0.00","0.00","99.19","3.20","2.72","2.41"
"320","11/6/2014","2.60","2.64","2.47","2.56","70700","2.68","0.00","0.00","0.00","0.00","0.00","0.00","95.12","3.66","2.79","2.49"
"321","11/7/2014","2.52","2.91","2.47","2.85","187900","2.70","0.00","0.00","0.00","0.00","0.00","0.00","94.71","5.44","2.79","2.51"
"322","11/10/2014","2.80","2.87","2.66","2.87","70500","2.83","0.00","0.00","0.00","0.00","0.00","0.00","98.45","-0.86","2.99","2.61"
"323","11/11/2014","2.88","3.23","2.76","3.18","213300","2.91","0.00","0.00","0.00","0.00","0.00","0.00","91.44","1.32","3.04","2.72"
"324","11/12/2014","3.15","3.17","2.90","3.06","105000","3.09","0.00","0.00","0.00","0.00","0.00","0.00","99.11","-2.92","3.28","2.87"
"325","11/13/2014","3.06","3.06","2.85","2.88","86600","3.10","0.00","0.00","0.00","0.00","0.00","0.00","92.39","1.28","3.25","2.90"
"326","11/14/2014","2.89","2.89","2.78","2.84","54800","3.00","0.00","0.00","0.00","0.00","0.00","0.00","94.38","4.16","3.12","2.80"
"327","11/17/2014","2.74","2.85","2.59","2.59","103200","2.94","0.00","0.00","0.00","0.00","0.00","0.00","86.65","3.37","3.05","2.75"
"328","11/18/2014","2.58","2.86","2.57","2.75","113600","2.78","0.00","0.00","0.00","0.00","0.00","0.00","99.07","7.16","2.87","2.57"
"329","11/19/2014","2.71","2.79","2.55","2.59","93700","2.82","0.00","0.00","0.00","0.00","0.00","0.00","91.06","2.60","2.95","2.61"
"330","11/20/2014","2.57","2.65","2.53","2.64","104500","2.76","0.00","0.00","0.00","0.00","0.00","0.00","95.61","6.41","2.85","2.56"
"331","11/21/2014","2.69","2.69","2.42","2.64","118500","2.73","0.00","0.00","0.00","0.00","0.00","0.00","96.45","3.55","2.84","2.54"
"332","11/24/2014","2.59","2.65","2.46","2.56","135800","2.72","0.00","0.00","0.00","0.00","0.00","0.00","93.80","2.98","2.83","2.53"
"333","11/25/2014","2.54","2.56","2.45","2.51","309900","2.68","0.00","0.00","0.00","0.00","0.00","0.00","93.13","4.78","2.78","2.49"
"334","11/26/2014","2.51","2.55","2.44","2.51","114400","2.60","0.00","0.00","0.00","0.00","0.00","0.00","96.22","3.78","2.70","2.42"
"335","11/28/2014","2.49","2.55","2.41","2.41","31800","2.64","0.00","0.00","0.00","0.00","0.00","0.00","90.35","5.28","2.73","2.45"
"336","12/1/2014","2.42","2.45","2.21","2.23","255700","2.62","0.00","0.00","0.00","0.00","0.00","0.00","82.49","8.73","2.69","2.44"
"337","12/2/2014","2.22","2.38","2.21","2.38","149000","2.44","0.00","0.00","0.00","0.00","0.00","0.00","97.64","9.24","2.50","2.25"
"338","12/3/2014","2.37","2.40","2.31","2.37","75800","2.49","0.00","0.00","0.00","0.00","0.00","0.00","94.85","4.71","2.58","2.31"
"339","12/4/2014","2.35","2.35","2.23","2.25","91000","2.54","0.00","0.00","0.00","0.00","0.00","0.00","87.16","7.13","2.61","2.36"
"340","12/5/2014","2.27","2.41","2.25","2.41","27800","2.46","0.00","0.00","0.00","0.00","0.00","0.00","97.74","9.54","2.52","2.29"
"341","12/8/2014","2.40","2.41","2.30","2.37","27600","2.55","0.00","0.00","0.00","0.00","0.00","0.00","92.39","5.83","2.63","2.37"
"342","12/9/2014","2.23","2.74","2.15","2.72","119900","2.55","0.00","0.00","0.00","0.00","0.00","0.00","93.85","7.71","2.62","2.38"
"343","12/10/2014","2.70","2.70","2.44","2.48","75100","2.68","0.00","0.00","0.00","0.00","0.00","0.00","92.05","-1.58","2.84","2.47"
"344","12/11/2014","2.52","2.63","2.50","2.53","61100","2.68","0.00","0.00","0.00","0.00","0.00","0.00","94.13","8.01","2.76","2.49"
"345","12/12/2014","2.49","2.59","2.39","2.56","61700","2.69","0.00","0.00","0.00","0.00","0.00","0.00","94.83","6.41","2.78","2.50"
"346","12/15/2014","2.55","2.63","2.51","2.52","36600","2.67","0.00","0.00","0.00","0.00","0.00","0.00","94.07","4.28","2.77","2.48"
"347","12/16/2014","2.45","2.64","2.42","2.47","100500","2.70","0.00","0.00","0.00","0.00","0.00","0.00","90.75","7.09","2.78","2.51"
"348","12/17/2014","2.40","2.91","2.40","2.86","115800","2.64","0.00","0.00","0.00","0.00","0.00","0.00","92.37","6.96","2.73","2.44"
"349","12/18/2014","2.95","2.95","2.75","2.87","56600","2.82","0.00","0.00","0.00","0.00","0.00","0.00","98.43","-1.23","2.99","2.61"
"350","12/19/2014","2.87","3.05","2.80","3.01","139300","2.95","0.00","0.00","0.00","0.00","0.00","0.00","98.14","2.93","3.08","2.76"
"351","12/22/2014","3.04","3.19","3.00","3.09","62700","3.01","0.00","0.00","0.00","0.00","0.00","0.00","97.51","0.11","3.16","2.81"
"352","12/23/2014","3.07","3.17","2.82","3.07","74800","3.14","0.00","0.00","0.00","0.00","0.00","0.00","97.65","1.69","3.28","2.94"
"353","12/24/2014","3.07","3.12","2.93","2.99","25200","3.09","0.00","0.00","0.00","0.00","0.00","0.00","96.72","0.59","3.25","2.89"
"354","12/26/2014","3.05","3.14","2.99","3.14","57200","3.09","0.00","0.00","0.00","0.00","0.00","0.00","98.28","3.21","3.21","2.89"
"355","12/29/2014","3.19","3.61","3.14","3.35","154700","3.15","0.00","0.00","0.00","0.00","0.00","0.00","94.04","0.32","3.30","2.96"
"356","12/30/2014","3.36","3.55","3.26","3.35","83600","3.34","0.00","0.00","0.00","0.00","0.00","0.00","99.78","-0.22","3.53","3.12"
"357","12/31/2014","3.28","3.75","3.27","3.61","108300","3.38","0.00","0.00","0.00","0.00","0.00","0.00","93.69","0.96","3.55","3.18"
"358","1/2/2015","3.76","3.97","3.62","3.81","198500","3.51","0.00","0.00","0.00","0.00","0.00","0.00","92.24","-2.65","3.73","3.31"
"359","1/5/2015","4.00","4.36","3.70","4.18","285000","3.72","0.00","0.00","0.00","0.00","0.00","0.00","89.10","-2.24","3.94","3.54"
"360","1/6/2015","5.00","5.01","4.26","4.52","330600","3.97","0.00","0.00","0.00","0.00","0.00","0.00","87.76","-5.10","4.24","3.79"
"361","1/7/2015","4.63","4.65","4.08","4.24","145800","4.43","0.00","0.00","0.00","0.00","0.00","0.00","95.61","-2.07","4.68","4.27"
"362","1/8/2015","4.32","4.32","3.86","4.14","149100","4.20","0.00","0.00","0.00","0.00","0.00","0.00","98.47","-0.87","4.44","4.04"
"363","1/9/2015","4.13","4.13","3.88","3.93","47300","4.02","0.00","0.00","0.00","0.00","0.00","0.00","97.65","-2.84","4.26","3.87"
"364","1/12/2015","3.91","3.93","3.56","3.75","87500","3.92","0.00","0.00","0.00","0.00","0.00","0.00","95.56","-0.35","4.11","3.76"
"365","1/13/2015","3.78","3.85","3.51","3.84","94300","3.71","0.00","0.00","0.00","0.00","0.00","0.00","96.59","-1.10","3.91","3.54"
"366","1/14/2015","3.78","4.26","3.56","3.89","92000","3.71","0.00","0.00","0.00","0.00","0.00","0.00","95.29","-3.47","3.93","3.54"
"367","1/15/2015","3.93","3.93","3.65","3.65","50300","3.82","0.00","0.00","0.00","0.00","0.00","0.00","95.21","-1.68","4.07","3.62"
"368","1/16/2015","3.66","4.00","3.62","3.92","44300","3.70","0.00","0.00","0.00","0.00","0.00","0.00","94.42","1.40","3.87","3.52"
"369","1/20/2015","3.93","4.01","3.61","3.65","41400","3.80","0.00","0.00","0.00","0.00","0.00","0.00","95.89","-3.06","4.03","3.63"
"370","1/21/2015","3.68","3.70","3.41","3.42","93700","3.71","0.00","0.00","0.00","0.00","0.00","0.00","91.51","1.66","3.89","3.53"
"371","1/22/2015","3.57","3.63","3.38","3.50","73400","3.49","0.00","0.00","0.00","0.00","0.00","0.00","99.64","1.97","3.65","3.29"
"372","1/23/2015","3.49","3.58","3.40","3.45","46000","3.50","0.00","0.00","0.00","0.00","0.00","0.00","98.68","-0.13","3.67","3.31"
"373","1/26/2015","3.49","3.70","3.48","3.55","48100","3.47","0.00","0.00","0.00","0.00","0.00","0.00","97.85","0.68","3.64","3.29"
"374","1/27/2015","3.53","3.72","3.49","3.53","49600","3.55","0.00","0.00","0.00","0.00","0.00","0.00","99.31","0.12","3.73","3.37"
"375","1/28/2015","3.53","3.53","3.33","3.35","30800","3.55","0.00","0.00","0.00","0.00","0.00","0.00","93.89","0.70","3.73","3.37"
"376","1/29/2015","3.43","3.50","3.33","3.50","31100","3.41","0.00","0.00","0.00","0.00","0.00","0.00","97.56","1.93","3.57","3.23"
"377","1/30/2015","3.43","3.60","3.36","3.40","59500","3.46","0.00","0.00","0.00","0.00","0.00","0.00","98.23","-1.14","3.64","3.29"
"378","2/2/2015","3.41","3.56","3.37","3.50","43200","3.44","0.00","0.00","0.00","0.00","0.00","0.00","98.38","1.28","3.61","3.25"
"379","2/3/2015","3.50","3.63","3.46","3.47","47800","3.48","0.00","0.00","0.00","0.00","0.00","0.00","99.77","-0.63","3.65","3.30"
"380","2/4/2015","3.50","3.56","3.43","3.50","66800","3.51","0.00","0.00","0.00","0.00","0.00","0.00","99.84","1.02","3.67","3.32"
"381","2/5/2015","3.52","3.84","3.51","3.78","71500","3.49","0.00","0.00","0.00","0.00","0.00","0.00","92.36","-0.26","3.66","3.31"
"382","2/6/2015","3.80","3.80","3.54","3.56","89500","3.67","0.00","0.00","0.00","0.00","0.00","0.00","96.80","-2.80","3.89","3.49"
"383","2/9/2015","3.57","3.65","3.49","3.56","31900","3.60","0.00","0.00","0.00","0.00","0.00","0.00","98.91","1.09","3.77","3.42"
"384","2/10/2015","3.60","3.66","3.48","3.64","62300","3.56","0.00","0.00","0.00","0.00","0.00","0.00","97.74","-0.06","3.73","3.38"
"385","2/11/2015","3.65","3.65","3.50","3.54","18000","3.58","0.00","0.00","0.00","0.00","0.00","0.00","98.81","-1.59","3.77","3.41"
"386","2/12/2015","3.60","3.62","3.53","3.55","26200","3.56","0.00","0.00","0.00","0.00","0.00","0.00","99.73","0.55","3.73","3.39"
"387","2/13/2015","3.56","3.96","3.42","3.88","87300","3.56","0.00","0.00","0.00","0.00","0.00","0.00","91.75","0.28","3.72","3.39"
"388","2/17/2015","3.67","4.06","3.67","3.99","94200","3.71","0.00","0.00","0.00","0.00","0.00","0.00","93.10","-4.26","3.96","3.53"
"389","2/18/2015","4.00","4.02","3.82","3.89","23100","3.84","0.00","0.00","0.00","0.00","0.00","0.00","98.75","-3.72","4.08","3.67"
"390","2/19/2015","3.89","3.89","3.65","3.81","57400","3.86","0.00","0.00","0.00","0.00","0.00","0.00","98.63","-0.72","4.06","3.71"
"391","2/20/2015","3.84","3.89","3.60","3.74","46300","3.75","0.00","0.00","0.00","0.00","0.00","0.00","99.72","-1.56","3.95","3.59"
"392","2/23/2015","3.74","3.79","3.46","3.53","49000","3.71","0.00","0.00","0.00","0.00","0.00","0.00","94.85","-0.75","3.91","3.54"
"393","2/24/2015","3.52","3.67","3.41","3.48","18600","3.57","0.00","0.00","0.00","0.00","0.00","0.00","97.34","1.20","3.75","3.39"
"394","2/25/2015","3.43","3.52","3.30","3.37","63900","3.51","0.00","0.00","0.00","0.00","0.00","0.00","95.74","0.96","3.68","3.33"
"395","2/26/2015","3.36","3.64","3.35","3.56","46600","3.40","0.00","0.00","0.00","0.00","0.00","0.00","95.52","0.91","3.56","3.21"
"396","2/27/2015","3.57","3.82","3.50","3.50","32700","3.51","0.00","0.00","0.00","0.00","0.00","0.00","99.74","-1.43","3.70","3.32"
"397","3/2/2015","3.51","3.72","3.51","3.66","45900","3.57","0.00","0.00","0.00","0.00","0.00","0.00","97.60","2.06","3.74","3.37"
"398","3/3/2015","3.65","3.78","3.60","3.66","30100","3.61","0.00","0.00","0.00","0.00","0.00","0.00","98.60","-1.40","3.80","3.43"
"399","3/4/2015","3.63","3.79","3.45","3.72","65100","3.65","0.00","0.00","0.00","0.00","0.00","0.00","98.19","-0.20","3.83","3.48"
"400","3/5/2015","3.89","3.89","3.62","3.64","16900","3.63","0.00","0.00","0.00","0.00","0.00","0.00","99.82","-2.33","3.84","3.46"
"401","3/6/2015","3.57","3.74","3.57","3.58","40500","3.69","0.00","0.00","0.00","0.00","0.00","0.00","97.00","1.31","3.86","3.52"
"402","3/9/2015","3.60","3.60","3.38","3.42","14700","3.60","0.00","0.00","0.00","0.00","0.00","0.00","94.71","0.58","3.77","3.42"
"403","3/10/2015","3.35","3.55","3.31","3.31","17200","3.47","0.00","0.00","0.00","0.00","0.00","0.00","95.04","1.59","3.63","3.30"
"404","3/11/2015","3.30","3.72","3.30","3.59","49000","3.39","0.00","0.00","0.00","0.00","0.00","0.00","94.54","2.53","3.55","3.20"
"405","3/12/2015","3.64","4.18","3.64","3.87","95800","3.52","0.00","0.00","0.00","0.00","0.00","0.00","91.01","-1.90","3.73","3.32"
"406","3/13/2015","3.90","4.08","3.62","3.65","35800","3.81","0.00","0.00","0.00","0.00","0.00","0.00","95.57","-1.51","4.04","3.61"
"407","3/16/2015","3.73","3.86","3.51","3.62","53500","3.73","0.00","0.00","0.00","0.00","0.00","0.00","97.04","2.12","3.91","3.53"
"408","3/17/2015","3.53","3.89","3.53","3.80","32100","3.63","0.00","0.00","0.00","0.00","0.00","0.00","95.56","0.32","3.82","3.45"
"409","3/18/2015","3.81","4.02","3.68","3.90","23600","3.71","0.00","0.00","0.00","0.00","0.00","0.00","95.03","-2.47","3.93","3.53"
"410","3/19/2015","3.86","4.06","3.75","3.89","29600","3.82","0.00","0.00","0.00","0.00","0.00","0.00","98.28","-1.97","4.04","3.66"
"411","3/20/2015","3.91","3.94","3.71","3.75","49300","3.85","0.00","0.00","0.00","0.00","0.00","0.00","97.46","-1.15","4.05","3.68"
"412","3/23/2015","3.75","3.91","3.75","3.80","39400","3.76","0.00","0.00","0.00","0.00","0.00","0.00","98.82","0.14","3.94","3.59"
"413","3/24/2015","3.82","4.02","3.81","3.98","47400","3.77","0.00","0.00","0.00","0.00","0.00","0.00","94.77","-0.74","3.96","3.60"
"414","3/25/2015","4.02","4.20","3.78","3.85","108300","3.88","0.00","0.00","0.00","0.00","0.00","0.00","99.22","-2.51","4.10","3.72"
"415","3/26/2015","3.88","3.93","3.85","3.86","17000","3.86","0.00","0.00","0.00","0.00","0.00","0.00","99.95","0.20","4.06","3.67"
"416","3/27/2015","3.80","3.80","3.66","3.68","56700","3.83","0.00","0.00","0.00","0.00","0.00","0.00","95.81","-0.66","4.02","3.68"
"417","3/30/2015","3.69","3.75","3.60","3.74","28800","3.68","0.00","0.00","0.00","0.00","0.00","0.00","98.40","0.00","3.85","3.51"
"418","3/31/2015","3.75","3.88","3.67","3.87","15800","3.68","0.00","0.00","0.00","0.00","0.00","0.00","95.07","-1.62","3.87","3.52"
"419","4/1/2015","3.82","3.89","3.80","3.83","11600","3.78","0.00","0.00","0.00","0.00","0.00","0.00","98.66","-2.36","3.99","3.62"
"420","4/2/2015","3.82","3.97","3.82","3.93","27200","3.80","0.00","0.00","0.00","0.00","0.00","0.00","96.71","-0.76","3.99","3.65"
"421","4/6/2015","3.86","3.98","3.86","3.90","19300","3.86","0.00","0.00","0.00","0.00","0.00","0.00","98.90","-1.85","4.06","3.70"
"422","4/7/2015","3.95","3.98","3.78","3.80","22500","3.86","0.00","0.00","0.00","0.00","0.00","0.00","98.39","-1.00","4.05","3.71"
"423","4/8/2015","3.86","3.86","3.67","3.70","22700","3.81","0.00","0.00","0.00","0.00","0.00","0.00","97.10","0.19","3.99","3.65"
"424","4/9/2015","3.68","3.89","3.62","3.76","25700","3.71","0.00","0.00","0.00","0.00","0.00","0.00","98.76","0.36","3.89","3.55"
"425","4/10/2015","3.83","3.83","3.67","3.69","32300","3.72","0.00","0.00","0.00","0.00","0.00","0.00","99.16","-1.04","3.92","3.55"
"426","4/13/2015","3.68","3.75","3.60","3.61","37400","3.70","0.00","0.00","0.00","0.00","0.00","0.00","97.52","0.26","3.87","3.53"
"427","4/14/2015","3.67","3.67","3.55","3.59","40900","3.63","0.00","0.00","0.00","0.00","0.00","0.00","98.96","0.48","3.80","3.45"
"428","4/15/2015","3.61","3.72","3.55","3.71","36700","3.59","0.00","0.00","0.00","0.00","0.00","0.00","96.77","0.00","3.76","3.42"
"429","4/16/2015","3.67","3.88","3.60","3.79","32700","3.64","0.00","0.00","0.00","0.00","0.00","0.00","96.15","-1.78","3.84","3.48"
"430","4/17/2015","3.78","4.15","3.67","4.03","78600","3.72","0.00","0.00","0.00","0.00","0.00","0.00","92.40","-1.75","3.93","3.55"
"431","4/20/2015","4.41","4.43","3.90","4.05","65000","3.88","0.00","0.00","0.00","0.00","0.00","0.00","95.92","-3.61","4.13","3.71"
"432","4/21/2015","4.09","4.09","3.93","3.99","24100","4.04","0.00","0.00","0.00","0.00","0.00","0.00","98.69","-0.19","4.26","3.88"
"433","4/22/2015","3.95","4.05","3.80","4.03","24400","3.95","0.00","0.00","0.00","0.00","0.00","0.00","97.92","-1.10","4.14","3.80"
"434","4/23/2015","4.05","4.05","3.92","3.93","88500","3.91","0.00","0.00","0.00","0.00","0.00","0.00","99.61","-2.86","4.14","3.77"
"435","4/24/2015","3.93","3.98","3.88","3.95","69900","3.90","0.00","0.00","0.00","0.00","0.00","0.00","98.64","-0.86","4.09","3.74"
"436","4/27/2015","3.96","3.99","3.61","3.66","61800","3.88","0.00","0.00","0.00","0.00","0.00","0.00","94.05","-1.83","4.08","3.73"
"437","4/28/2015","3.66","3.85","3.50","3.75","50200","3.71","0.00","0.00","0.00","0.00","0.00","0.00","98.85","1.28","3.89","3.52"
"438","4/29/2015","3.71","3.73","3.56","3.61","59500","3.67","0.00","0.00","0.00","0.00","0.00","0.00","98.23","-2.03","3.88","3.50"
"439","0/0/0000","0.00","3.79","3.44","3.62","0","3.61","0.00","0.00","0.00","0.00","0.00","0.00","99.73","0.01","3.78","3.44"
"440","0/0/0000","0.00","3.44","3.18","3.41","0","3.46","0.00","0.00","0.00","0.00","0.00","0.00","98.52","-4.41","3.70","3.18"
"441","0/0/0000","0.00","3.26","2.95","3.27","0","3.25","0.00","0.00","0.00","0.00","0.00","0.00","99.39","-4.69","3.47","2.97"
"442","0/0/0000","0.00","3.25","2.89","3.22","0","3.11","0.00","0.00","0.00","0.00","0.00","0.00","96.55","-4.92","3.32","2.83"
"443","0/0/0000","0.00","3.28","2.87","3.09","0","3.07","0.00","0.00","0.00","0.00","0.00","0.00","99.51","-4.51","3.28","2.79"
"444","0/0/0000","0.00","3.21","2.82","3.12","0","3.03","0.00","0.00","0.00","0.00","0.00","0.00","97.07","-1.99","3.21","2.74"
"445","0/0/0000","0.00","3.21","2.74","3.12","0","3.01","0.00","0.00","0.00","0.00","0.00","0.00","96.61","-3.39","3.21","2.73"
"446","0/0/0000","0.00","3.20","2.76","3.08","0","3.00","0.00","0.00","0.00","0.00","0.00","0.00","97.27","-3.97","3.20","2.71"
"447","0/0/0000","0.00","3.17","2.77","3.08","0","2.98","0.00","0.00","0.00","0.00","0.00","0.00","96.88","-3.12","3.18","2.70"
"448","0/0/0000","0.00","3.17","2.70","2.98","0","2.98","0.00","0.00","0.00","0.00","0.00","0.00","96.58","-3.24","3.17","2.70"
