"1","10/30/2013","25.09","25.10","25.00","25.00","8300","0.00","25.16","24.95","0.01","0.00","0.40","0.60","0.00","0.00","0.00","0.00"
"2","10/31/2013","25.09","25.10","25.00","25.00","6400000","25.02","0.00","0.00","0.00","0.00","0.00","0.00","99.93","0.07","25.10","24.94"
"3","11/1/2013","24.80","24.82","24.59","24.59","6292500","24.86","0.00","0.00","0.00","0.00","0.00","0.00","98.90","-0.56","25.00","24.86"
"4","11/4/2013","24.91","24.94","24.91","24.94","1500","24.54","0.00","0.00","0.00","0.00","0.00","0.00","98.41","-0.19","24.68","24.52"
"5","11/5/2013","24.90","24.90","24.90","24.90","100","24.94","0.00","0.00","0.00","0.00","0.00","0.00","99.83","0.01","25.02","24.86"
"6","11/6/2013","24.90","24.90","24.89","24.89","500","24.91","0.00","0.00","0.00","0.00","0.00","0.00","99.91","0.05","25.00","24.83"
"7","11/7/2013","25.80","25.80","24.48","24.48","2700","24.90","0.00","0.00","0.00","0.00","0.00","0.00","98.27","0.06","24.99","24.82"
"8","11/8/2013","24.36","24.36","24.36","24.36","1000","24.70","0.00","0.00","0.00","0.00","0.00","0.00","98.62","0.88","24.80","24.67"
"9","11/11/2013","24.39","24.40","24.39","24.40","90900","24.39","0.00","0.00","0.00","0.00","0.00","0.00","99.98","0.14","24.50","24.30"
"10","11/12/2013","24.11","24.11","24.11","24.11","500","24.43","0.00","0.00","0.00","0.00","0.00","0.00","98.67","0.12","24.53","24.34"
"11","11/13/2013","24.09","24.09","24.09","24.09","500","24.15","0.00","0.00","0.00","0.00","0.00","0.00","99.77","0.15","24.26","24.04"
"12","11/14/2013","24.20","24.29","24.20","24.29","800","24.13","0.00","0.00","0.00","0.00","0.00","0.00","99.32","0.15","24.24","24.02"
"13","11/15/2013","24.29","24.29","24.29","24.29","0","24.30","0.00","0.00","0.00","0.00","0.00","0.00","99.96","0.04","24.40","24.20"
"14","11/18/2013","24.85","24.85","24.70","24.70","5500","24.33","0.00","0.00","0.00","0.00","0.00","0.00","98.48","0.15","24.43","24.23"
"15","11/19/2013","24.73","24.75","24.63","24.63","3000","24.75","0.00","0.00","0.00","0.00","0.00","0.00","99.53","0.18","24.84","24.67"
"16","11/20/2013","24.75","24.75","24.42","24.42","1200","24.68","0.00","0.00","0.00","0.00","0.00","0.00","98.96","0.18","24.77","24.59"
"17","11/21/2013","24.49","24.49","24.45","24.45","400","24.51","0.00","0.00","0.00","0.00","0.00","0.00","99.77","0.35","24.61","24.43"
"18","11/22/2013","24.52","24.59","24.52","24.59","1700","24.49","0.00","0.00","0.00","0.00","0.00","0.00","99.59","0.16","24.59","24.40"
"19","11/25/2013","24.55","24.55","24.55","24.55","100","24.60","0.00","0.00","0.00","0.00","0.00","0.00","99.80","0.04","24.69","24.51"
"20","11/26/2013","24.35","24.35","24.32","24.35","1500","24.58","0.00","0.00","0.00","0.00","0.00","0.00","99.06","0.12","24.68","24.49"
"21","11/27/2013","25.25","25.25","24.28","24.60","19300","24.38","0.00","0.00","0.00","0.00","0.00","0.00","99.09","0.11","24.48","24.28"
"22","11/29/2013","24.60","24.60","24.60","24.60","0","24.63","0.00","0.00","0.00","0.00","0.00","0.00","99.86","0.14","24.72","24.58"
"23","12/2/2013","24.99","24.99","24.60","24.60","7200","24.63","0.00","0.00","0.00","0.00","0.00","0.00","99.89","0.11","24.72","24.54"
"24","12/3/2013","24.50","24.50","24.25","24.25","4502400","24.69","0.00","0.00","0.00","0.00","0.00","0.00","98.20","0.35","24.78","24.62"
"25","12/4/2013","24.01","24.01","24.01","24.01","900","24.28","0.00","0.00","0.00","0.00","0.00","0.00","98.88","0.12","24.43","24.28"
"26","12/5/2013","24.33","24.33","24.07","24.07","4900","24.04","0.00","0.00","0.00","0.00","0.00","0.00","99.89","0.14","24.16","23.94"
"27","12/6/2013","24.32","24.35","24.31","24.32","16000","24.15","0.00","0.00","0.00","0.00","0.00","0.00","99.30","0.34","24.26","24.06"
"28","12/9/2013","24.44","24.44","24.36","24.36","3800","24.36","0.00","0.00","0.00","0.00","0.00","0.00","99.99","0.15","24.46","24.26"
"29","12/10/2013","24.57","24.57","24.32","24.48","5900","24.41","0.00","0.00","0.00","0.00","0.00","0.00","99.70","0.20","24.51","24.32"
"30","12/11/2013","24.21","24.22","24.13","24.13","2400","24.48","0.00","0.00","0.00","0.00","0.00","0.00","98.54","0.00","24.58","24.39"
"31","12/12/2013","24.00","24.05","23.93","24.03","6700","24.18","0.00","0.00","0.00","0.00","0.00","0.00","99.37","0.21","24.29","24.08"
"32","12/13/2013","23.92","24.04","23.92","24.04","8300","24.04","0.00","0.00","0.00","0.00","0.00","0.00","100.00","0.04","24.15","23.93"
"33","12/16/2013","24.19","24.19","24.16","24.17","16400","24.04","0.00","0.00","0.00","0.00","0.00","0.00","99.46","0.00","24.15","23.93"
"34","12/17/2013","24.26","24.26","24.05","24.11","197200","24.21","0.00","0.00","0.00","0.00","0.00","0.00","99.60","0.15","24.32","24.11"
"35","12/18/2013","24.15","24.49","24.08","24.49","35700","24.15","0.00","0.00","0.00","0.00","0.00","0.00","98.62","0.18","24.27","24.07"
"36","12/19/2013","24.08","24.46","24.08","24.31","99100","24.41","0.00","0.00","0.00","0.00","0.00","0.00","99.60","-0.34","24.49","24.32"
"37","12/20/2013","24.35","24.41","24.25","24.25","4992500","24.30","0.00","0.00","0.00","0.00","0.00","0.00","99.77","-0.02","24.40","24.22"
"38","12/23/2013","24.46","24.49","24.24","24.45","137700","24.26","0.00","0.00","0.00","0.00","0.00","0.00","99.22","0.04","24.41","24.25"
"39","12/24/2013","24.36","24.57","24.36","24.54","4300","24.43","0.00","0.00","0.00","0.00","0.00","0.00","99.55","-0.09","24.53","24.35"
"40","12/26/2013","24.07","24.53","24.07","24.35","97500","24.53","0.00","0.00","0.00","0.00","0.00","0.00","99.28","-0.06","24.62","24.44"
"41","12/27/2013","24.61","24.64","24.61","24.63","90300","24.34","0.00","0.00","0.00","0.00","0.00","0.00","98.80","-0.06","24.43","24.25"
"42","12/30/2013","24.72","24.77","24.69","24.73","95000","24.65","0.00","0.00","0.00","0.00","0.00","0.00","99.69","0.09","24.75","24.57"
"43","12/31/2013","24.80","24.84","24.71","24.79","47600","24.75","0.00","0.00","0.00","0.00","0.00","0.00","99.83","0.07","24.84","24.67"
"44","1/2/2014","24.61","24.61","24.22","24.27","105000","24.79","0.00","0.00","0.00","0.00","0.00","0.00","97.84","0.02","24.88","24.72"
"45","1/3/2014","23.96","24.32","23.96","24.30","62900","24.35","0.00","0.00","0.00","0.00","0.00","0.00","99.81","0.32","24.45","24.27"
"46","1/6/2014","24.23","24.23","24.13","24.19","142700","24.24","0.00","0.00","0.00","0.00","0.00","0.00","99.79","-0.24","24.34","24.15"
"47","1/7/2014","24.27","24.27","24.17","24.24","198000","24.21","0.00","0.00","0.00","0.00","0.00","0.00","99.89","0.10","24.32","24.12"
"48","1/8/2014","24.26","24.26","24.13","24.15","158100","24.26","0.00","0.00","0.00","0.00","0.00","0.00","99.55","0.08","24.37","24.17"
"49","1/9/2014","24.10","24.10","23.92","24.06","1168700","24.20","0.00","0.00","0.00","0.00","0.00","0.00","99.43","0.20","24.31","24.11"
"50","1/10/2014","24.28","24.35","24.28","24.35","339600","24.05","0.00","0.00","0.00","0.00","0.00","0.00","98.78","-0.03","24.18","24.00"
"51","1/13/2014","24.40","24.40","24.11","24.11","373900","24.36","0.00","0.00","0.00","0.00","0.00","0.00","98.95","0.05","24.47","24.28"
"52","1/14/2014","24.09","24.40","24.09","24.32","38800","24.19","0.00","0.00","0.00","0.00","0.00","0.00","99.48","0.34","24.31","24.12"
"53","1/15/2014","24.37","24.39","24.32","24.38","28400","24.30","0.00","0.00","0.00","0.00","0.00","0.00","99.68","-0.07","24.40","24.21"
"54","1/16/2014","24.35","24.35","24.24","24.33","28000","24.40","0.00","0.00","0.00","0.00","0.00","0.00","99.72","0.08","24.50","24.31"
"55","1/17/2014","24.34","24.34","24.09","24.12","79000","24.34","0.00","0.00","0.00","0.00","0.00","0.00","99.08","0.05","24.45","24.25"
"56","1/21/2014","24.19","24.21","24.19","24.19","632500","24.18","0.00","0.00","0.00","0.00","0.00","0.00","99.98","0.27","24.30","24.10"
"57","1/22/2014","24.35","24.35","24.25","24.33","856200","24.22","0.00","0.00","0.00","0.00","0.00","0.00","99.57","0.14","24.35","24.16"
"58","1/23/2014","24.12","24.12","23.94","24.02","262300","24.34","0.00","0.00","0.00","0.00","0.00","0.00","98.67","0.03","24.46","24.29"
"59","1/24/2014","24.05","24.05","23.52","23.55","66500","24.05","0.00","0.00","0.00","0.00","0.00","0.00","97.89","0.11","24.16","23.96"
"60","1/27/2014","23.64","23.64","23.23","23.34","38500","23.66","0.00","0.00","0.00","0.00","0.00","0.00","98.65","0.45","23.78","23.56"
"61","1/28/2014","23.53","23.53","23.40","23.45","79300","23.37","0.00","0.00","0.00","0.00","0.00","0.00","99.66","0.13","23.49","23.26"
"62","1/29/2014","23.21","23.30","23.11","23.15","68900","23.46","0.00","0.00","0.00","0.00","0.00","0.00","98.66","0.05","23.59","23.34"
"63","1/30/2014","23.23","23.32","23.22","23.30","224900","23.15","0.00","0.00","0.00","0.00","0.00","0.00","99.37","0.02","23.28","23.03"
"64","1/31/2014","22.88","23.20","22.88","23.11","229300","23.28","0.00","0.00","0.00","0.00","0.00","0.00","99.28","-0.11","23.40","23.16"
"65","2/3/2014","23.23","23.23","22.62","22.66","123500","23.03","0.00","0.00","0.00","0.00","0.00","0.00","98.36","-0.34","23.16","22.91"
"66","2/4/2014","22.91","22.99","22.91","22.96","183400","22.71","0.00","0.00","0.00","0.00","0.00","0.00","98.91","0.22","22.84","22.58"
"67","2/5/2014","22.84","22.98","22.81","22.94","212300","22.91","0.00","0.00","0.00","0.00","0.00","0.00","99.89","-0.20","23.05","22.78"
"68","2/6/2014","23.36","23.36","23.34","23.35","118400","22.87","0.00","0.00","0.00","0.00","0.00","0.00","97.93","-0.32","23.00","22.73"
"69","2/7/2014","23.47","23.51","23.34","23.51","102200","23.35","0.00","0.00","0.00","0.00","0.00","0.00","99.32","0.00","23.48","23.23"
"70","2/10/2014","23.38","23.38","23.25","23.25","6400","23.47","0.00","0.00","0.00","0.00","0.00","0.00","99.05","-0.17","23.59","23.35"
"71","2/11/2014","23.40","23.74","23.40","23.74","40300","23.27","0.00","0.00","0.00","0.00","0.00","0.00","98.03","0.10","23.40","23.15"
"72","2/12/2014","23.84","23.84","23.68","23.70","31600","23.66","0.00","0.00","0.00","0.00","0.00","0.00","99.83","-0.33","23.77","23.55"
"73","2/13/2014","23.57","23.84","23.57","23.84","4000","23.75","0.00","0.00","0.00","0.00","0.00","0.00","99.60","0.19","23.87","23.64"
"74","2/14/2014","23.95","24.08","23.95","23.98","63000","23.79","0.00","0.00","0.00","0.00","0.00","0.00","99.20","-0.22","23.90","23.68"
"75","2/18/2014","24.10","24.10","23.97","24.06","131600","24.02","0.00","0.00","0.00","0.00","0.00","0.00","99.84","0.18","24.14","23.92"
"76","2/19/2014","24.02","24.05","23.93","23.94","33900","24.08","0.00","0.00","0.00","0.00","0.00","0.00","99.44","0.06","24.19","23.98"
"77","2/20/2014","23.88","24.02","23.88","24.02","54600","23.99","0.00","0.00","0.00","0.00","0.00","0.00","99.87","0.21","24.11","23.89"
"78","2/21/2014","24.09","24.16","24.04","24.08","53500","24.01","0.00","0.00","0.00","0.00","0.00","0.00","99.72","-0.03","24.12","23.91"
"79","2/24/2014","24.17","24.31","24.17","24.21","36800","24.12","0.00","0.00","0.00","0.00","0.00","0.00","99.62","0.16","24.23","24.02"
"80","2/25/2014","24.12","24.18","24.02","24.02","51100","24.25","0.00","0.00","0.00","0.00","0.00","0.00","99.04","0.17","24.36","24.16"
"81","2/26/2014","24.00","24.02","23.82","23.88","28300","24.08","0.00","0.00","0.00","0.00","0.00","0.00","99.15","0.26","24.20","23.99"
"82","2/27/2014","24.04","24.20","24.04","24.20","25400","23.92","0.00","0.00","0.00","0.00","0.00","0.00","98.84","0.16","24.03","23.82"
"83","2/28/2014","24.22","24.28","24.18","24.18","42400","24.19","0.00","0.00","0.00","0.00","0.00","0.00","99.96","-0.04","24.29","24.09"
"84","3/3/2014","24.01","24.01","23.62","23.63","35400","24.23","0.00","0.00","0.00","0.00","0.00","0.00","97.45","0.22","24.34","24.14"
"85","3/4/2014","24.20","24.21","24.08","24.21","147300","23.72","0.00","0.00","0.00","0.00","0.00","0.00","97.98","0.39","23.84","23.62"
"86","3/5/2014","24.13","24.25","24.13","24.23","79300","24.21","0.00","0.00","0.00","0.00","0.00","0.00","99.91","-0.01","24.31","24.12"
"87","3/6/2014","24.55","24.61","24.47","24.49","27100","24.24","0.00","0.00","0.00","0.00","0.00","0.00","98.98","0.04","24.35","24.15"
"88","3/7/2014","24.56","24.56","24.21","24.30","25700","24.54","0.00","0.00","0.00","0.00","0.00","0.00","99.03","0.18","24.63","24.45"
"89","3/10/2014","24.08","24.18","24.08","24.15","112600","24.35","0.00","0.00","0.00","0.00","0.00","0.00","99.16","0.22","24.46","24.27"
"90","3/11/2014","24.21","24.23","24.05","24.08","105000","24.17","0.00","0.00","0.00","0.00","0.00","0.00","99.63","0.08","24.28","24.08"
"91","3/12/2014","23.95","24.04","23.89","23.95","37400","24.13","0.00","0.00","0.00","0.00","0.00","0.00","99.24","0.22","24.25","24.04"
"92","3/13/2014","24.12","24.12","23.68","23.69","28100","23.98","0.00","0.00","0.00","0.00","0.00","0.00","98.77","0.13","24.10","23.88"
"93","3/14/2014","23.87","23.87","23.74","23.78","55400","23.79","0.00","0.00","0.00","0.00","0.00","0.00","99.95","0.43","23.91","23.70"
"94","3/17/2014","24.09","24.09","24.01","24.06","36300","23.81","0.00","0.00","0.00","0.00","0.00","0.00","98.97","0.14","23.93","23.71"
"95","3/18/2014","24.12","24.21","24.12","24.21","77400","24.09","0.00","0.00","0.00","0.00","0.00","0.00","99.49","0.11","24.20","23.98"
"96","3/19/2014","23.94","24.09","23.81","23.81","32100","24.22","0.00","0.00","0.00","0.00","0.00","0.00","98.28","0.04","24.33","24.12"
"97","3/20/2014","23.74","23.88","23.66","23.86","31900","23.89","0.00","0.00","0.00","0.00","0.00","0.00","99.87","0.34","24.01","23.79"
"98","3/21/2014","24.00","24.06","23.84","23.88","54900","23.83","0.00","0.00","0.00","0.00","0.00","0.00","99.81","-0.11","23.95","23.73"
"99","3/24/2014","23.93","23.94","23.78","23.94","9400","23.93","0.00","0.00","0.00","0.00","0.00","0.00","99.97","0.22","24.05","23.83"
"100","3/25/2014","24.15","24.19","24.08","24.19","33700","23.93","0.00","0.00","0.00","0.00","0.00","0.00","98.91","-0.06","24.04","23.82"
"101","3/26/2014","24.31","24.31","24.14","24.14","19400","24.19","0.00","0.00","0.00","0.00","0.00","0.00","99.78","0.02","24.30","24.10"
"102","3/27/2014","23.82","24.33","23.82","24.28","37600","24.21","0.00","0.00","0.00","0.00","0.00","0.00","99.69","0.27","24.32","24.11"
"103","3/28/2014","24.60","24.60","24.50","24.51","56100","24.19","0.00","0.00","0.00","0.00","0.00","0.00","98.70","-0.37","24.28","24.10"
"104","3/31/2014","24.70","24.72","24.66","24.72","69100","24.55","0.00","0.00","0.00","0.00","0.00","0.00","99.32","0.17","24.65","24.47"
"105","4/1/2014","24.85","24.88","24.77","24.88","14300","24.73","0.00","0.00","0.00","0.00","0.00","0.00","99.38","0.02","24.82","24.64"
"106","4/2/2014","24.88","24.91","24.82","24.91","54300","24.86","0.00","0.00","0.00","0.00","0.00","0.00","99.81","-0.07","24.95","24.78"
"107","4/3/2014","24.84","24.84","24.72","24.74","17000","24.90","0.00","0.00","0.00","0.00","0.00","0.00","99.37","-0.05","24.98","24.82"
"108","4/4/2014","25.07","25.07","24.71","24.83","45200","24.77","0.00","0.00","0.00","0.00","0.00","0.00","99.76","0.12","24.86","24.69"
"109","4/7/2014","24.85","24.85","24.74","24.77","31400","24.85","0.00","0.00","0.00","0.00","0.00","0.00","99.69","0.07","24.93","24.78"
"110","4/8/2014","24.89","25.00","24.89","24.92","28500","24.79","0.00","0.00","0.00","0.00","0.00","0.00","99.49","0.09","24.88","24.71"
"111","4/9/2014","24.94","25.14","24.92","24.97","39800","24.93","0.00","0.00","0.00","0.00","0.00","0.00","99.86","0.06","25.02","24.86"
"112","4/10/2014","25.02","25.02","24.75","24.75","52400","24.99","0.00","0.00","0.00","0.00","0.00","0.00","99.03","0.08","25.07","24.92"
"113","4/11/2014","24.79","24.83","24.64","24.79","27100","24.81","0.00","0.00","0.00","0.00","0.00","0.00","99.92","0.24","24.90","24.74"
"114","4/14/2014","24.81","24.85","24.70","24.78","37100","24.77","0.00","0.00","0.00","0.00","0.00","0.00","99.97","-0.07","24.86","24.69"
"115","4/15/2014","24.73","24.73","24.39","24.56","38000","24.79","0.00","0.00","0.00","0.00","0.00","0.00","99.07","0.03","24.88","24.71"
"116","4/16/2014","24.64","24.82","24.64","24.81","50700","24.57","0.00","0.00","0.00","0.00","0.00","0.00","99.02","0.03","24.66","24.49"
"117","4/17/2014","24.86","24.97","24.79","24.92","26600","24.78","0.00","0.00","0.00","0.00","0.00","0.00","99.45","-0.11","24.87","24.70"
"118","4/21/2014","24.97","24.97","24.79","24.81","15800","24.90","0.00","0.00","0.00","0.00","0.00","0.00","99.62","-0.07","24.98","24.83"
"119","4/22/2014","25.01","25.02","24.98","25.02","12900","24.84","0.00","0.00","0.00","0.00","0.00","0.00","99.30","0.14","24.93","24.77"
"120","4/23/2014","24.92","24.92","24.76","24.86","63500","25.01","0.00","0.00","0.00","0.00","0.00","0.00","99.39","-0.03","25.09","24.93"
"121","4/24/2014","24.98","24.98","24.75","24.79","29800","24.86","0.00","0.00","0.00","0.00","0.00","0.00","99.74","-0.02","24.94","24.78"
"122","4/25/2014","24.73","24.73","24.61","24.70","70900","24.82","0.00","0.00","0.00","0.00","0.00","0.00","99.49","0.14","24.91","24.75"
"123","4/28/2014","24.63","24.78","24.60","24.78","27600","24.70","0.00","0.00","0.00","0.00","0.00","0.00","99.69","0.01","24.79","24.62"
"124","4/29/2014","24.93","24.95","24.84","24.95","38400","24.75","0.00","0.00","0.00","0.00","0.00","0.00","99.20","-0.12","24.84","24.67"
"125","4/30/2014","24.87","25.02","24.87","25.02","20200","24.93","0.00","0.00","0.00","0.00","0.00","0.00","99.63","-0.09","25.01","24.85"
"126","5/1/2014","25.04","25.07","25.00","25.00","32900","24.98","0.00","0.00","0.00","0.00","0.00","0.00","99.94","-0.14","25.06","24.91"
"127","5/2/2014","25.00","25.13","25.00","25.03","59700","25.01","0.00","0.00","0.00","0.00","0.00","0.00","99.94","0.06","25.10","24.94"
"128","5/5/2014","24.93","25.05","24.91","25.02","37200","25.04","0.00","0.00","0.00","0.00","0.00","0.00","99.92","0.04","25.12","24.97"
"129","5/6/2014","25.05","25.08","24.97","25.06","9300","25.00","0.00","0.00","0.00","0.00","0.00","0.00","99.76","-0.08","25.08","24.92"
"130","5/7/2014","24.92","25.10","24.92","25.04","39200","25.04","0.00","0.00","0.00","0.00","0.00","0.00","99.99","-0.09","25.11","24.96"
"131","5/8/2014","25.05","25.21","25.05","25.13","29100","25.02","0.00","0.00","0.00","0.00","0.00","0.00","99.56","-0.08","25.10","24.95"
"132","5/9/2014","25.12","25.15","25.04","25.13","55600","25.11","0.00","0.00","0.00","0.00","0.00","0.00","99.94","-0.06","25.19","25.04"
"133","5/12/2014","25.28","25.33","25.27","25.33","34000","25.10","0.00","0.00","0.00","0.00","0.00","0.00","99.10","-0.11","25.18","25.03"
"134","5/13/2014","25.32","25.39","25.32","25.37","36000","25.29","0.00","0.00","0.00","0.00","0.00","0.00","99.68","-0.17","25.35","25.22"
"135","5/14/2014","25.44","25.47","25.35","25.35","38100","25.33","0.00","0.00","0.00","0.00","0.00","0.00","99.92","-0.16","25.39","25.26"
"136","5/15/2014","25.28","25.29","25.14","25.16","55700","25.34","0.00","0.00","0.00","0.00","0.00","0.00","99.30","-0.06","25.40","25.27"
"137","5/16/2014","25.32","25.41","25.29","25.41","26400","25.16","0.00","0.00","0.00","0.00","0.00","0.00","99.02","0.01","25.24","25.09"
"138","5/19/2014","25.41","25.44","25.41","25.41","33300","25.34","0.00","0.00","0.00","0.00","0.00","0.00","99.74","-0.26","25.40","25.27"
"139","5/20/2014","25.29","25.34","25.15","25.26","27900","25.38","0.00","0.00","0.00","0.00","0.00","0.00","99.53","-0.13","25.44","25.31"
"140","5/21/2014","25.27","25.40","25.27","25.34","59100","25.22","0.00","0.00","0.00","0.00","0.00","0.00","99.53","-0.15","25.29","25.15"
"141","5/22/2014","25.39","25.50","25.39","25.45","31400","25.30","0.00","0.00","0.00","0.00","0.00","0.00","99.42","-0.15","25.37","25.24"
"142","5/23/2014","25.47","25.58","25.47","25.49","34000","25.40","0.00","0.00","0.00","0.00","0.00","0.00","99.65","-0.19","25.46","25.33"
"143","5/27/2014","25.43","25.54","25.43","25.43","40900","25.45","0.00","0.00","0.00","0.00","0.00","0.00","99.92","-0.15","25.51","25.39"
"144","5/28/2014","25.48","25.56","25.47","25.47","48000","25.41","0.00","0.00","0.00","0.00","0.00","0.00","99.75","-0.09","25.47","25.34"
"145","5/29/2014","25.56","25.63","25.55","25.63","39600","25.44","0.00","0.00","0.00","0.00","0.00","0.00","99.25","-0.13","25.50","25.37"
"146","5/30/2014","25.60","25.60","25.41","25.49","43900","25.55","0.00","0.00","0.00","0.00","0.00","0.00","99.78","-0.33","25.60","25.48"
"147","6/2/2014","25.60","25.60","25.53","25.55","19600","25.44","0.00","0.00","0.00","0.00","0.00","0.00","99.55","-0.22","25.49","25.37"
"148","6/3/2014","25.63","25.63","25.56","25.56","56900","25.50","0.00","0.00","0.00","0.00","0.00","0.00","99.75","-0.21","25.55","25.43"
"149","6/4/2014","25.50","25.54","25.45","25.46","34500","25.51","0.00","0.00","0.00","0.00","0.00","0.00","99.80","-0.19","25.57","25.45"
"150","6/5/2014","25.66","25.77","25.64","25.77","21500","25.42","0.00","0.00","0.00","0.00","0.00","0.00","98.66","-0.14","25.49","25.36"
"151","6/6/2014","25.84","25.95","25.84","25.94","11300","25.65","0.00","0.00","0.00","0.00","0.00","0.00","98.90","-0.45","25.70","25.59"
"152","6/9/2014","25.96","25.96","25.90","25.90","60700","25.81","0.00","0.00","0.00","0.00","0.00","0.00","99.63","-0.52","25.84","25.74"
"153","6/10/2014","25.94","26.00","25.93","25.97","24300","25.80","0.00","0.00","0.00","0.00","0.00","0.00","99.34","-0.39","25.84","25.74"
"154","6/11/2014","25.90","25.90","25.80","25.83","50800","25.85","0.00","0.00","0.00","0.00","0.00","0.00","99.94","-0.48","25.88","25.78"
"155","6/12/2014","25.97","25.97","25.73","25.73","54000","25.73","0.00","0.00","0.00","0.00","0.00","0.00","99.99","-0.37","25.77","25.67"
"156","6/13/2014","25.92","25.92","25.75","25.75","22100","25.67","0.00","0.00","0.00","0.00","0.00","0.00","99.70","-0.22","25.72","25.62"
"157","6/16/2014","25.65","25.79","25.62","25.75","79400","25.68","0.00","0.00","0.00","0.00","0.00","0.00","99.74","-0.26","25.73","25.63"
"158","6/17/2014","25.52","25.52","25.34","25.41","24100","25.64","0.00","0.00","0.00","0.00","0.00","0.00","99.09","-0.42","25.68","25.58"
"159","6/18/2014","25.40","25.69","25.38","25.65","19000","25.37","0.00","0.00","0.00","0.00","0.00","0.00","98.90","-0.17","25.43","25.30"
"160","6/19/2014","25.80","25.80","25.60","25.69","45800","25.52","0.00","0.00","0.00","0.00","0.00","0.00","99.35","-0.49","25.57","25.46"
"161","6/20/2014","25.70","25.71","25.54","25.64","111900","25.60","0.00","0.00","0.00","0.00","0.00","0.00","99.86","-0.33","25.65","25.54"
"162","6/23/2014","25.56","25.58","25.47","25.58","24400","25.55","0.00","0.00","0.00","0.00","0.00","0.00","99.90","-0.33","25.61","25.50"
"163","6/24/2014","25.67","25.70","25.49","25.49","53100","25.49","0.00","0.00","0.00","0.00","0.00","0.00","99.98","-0.34","25.55","25.43"
"164","6/25/2014","25.45","25.53","25.45","25.51","88100","25.47","0.00","0.00","0.00","0.00","0.00","0.00","99.83","-0.09","25.53","25.41"
"165","6/26/2014","25.43","25.59","25.43","25.54","51200","25.45","0.00","0.00","0.00","0.00","0.00","0.00","99.64","-0.24","25.51","25.38"
"166","6/27/2014","25.55","25.64","25.50","25.61","39700","25.47","0.00","0.00","0.00","0.00","0.00","0.00","99.45","-0.28","25.52","25.40"
"167","6/30/2014","25.65","25.65","25.60","25.62","20400","25.52","0.00","0.00","0.00","0.00","0.00","0.00","99.63","-0.33","25.58","25.46"
"168","7/1/2014","25.76","25.82","25.73","25.80","21800","25.55","0.00","0.00","0.00","0.00","0.00","0.00","99.05","-0.26","25.61","25.49"
"169","7/2/2014","25.83","25.84","25.81","25.84","11500","25.70","0.00","0.00","0.00","0.00","0.00","0.00","99.44","-0.41","25.74","25.63"
"170","7/3/2014","25.79","25.97","25.79","25.97","17300","25.74","0.00","0.00","0.00","0.00","0.00","0.00","99.10","-0.40","25.78","25.67"
"171","7/7/2014","25.77","25.91","25.77","25.85","25200","25.81","0.00","0.00","0.00","0.00","0.00","0.00","99.85","-0.61","25.84","25.75"
"172","7/8/2014","25.81","25.81","25.70","25.77","33600","25.74","0.00","0.00","0.00","0.00","0.00","0.00","99.89","-0.42","25.78","25.68"
"173","7/9/2014","25.79","25.92","25.79","25.92","26000","25.67","0.00","0.00","0.00","0.00","0.00","0.00","99.04","-0.39","25.71","25.61"
"174","7/10/2014","25.41","25.73","25.41","25.73","36400","25.78","0.00","0.00","0.00","0.00","0.00","0.00","99.80","-0.54","25.81","25.72"
"175","7/11/2014","25.51","25.72","25.47","25.72","51300","25.58","0.00","0.00","0.00","0.00","0.00","0.00","99.44","-0.60","25.62","25.51"
"176","7/14/2014","25.69","25.86","25.69","25.84","15200","25.58","0.00","0.00","0.00","0.00","0.00","0.00","99.01","-0.53","25.62","25.52"
"177","7/15/2014","25.90","25.90","25.74","25.74","53000","25.71","0.00","0.00","0.00","0.00","0.00","0.00","99.89","-0.50","25.75","25.65"
"178","7/16/2014","25.89","25.93","25.89","25.92","19300","25.67","0.00","0.00","0.00","0.00","0.00","0.00","99.05","-0.26","25.72","25.62"
"179","7/17/2014","25.80","25.80","25.54","25.54","7000","25.80","0.00","0.00","0.00","0.00","0.00","0.00","98.97","-0.45","25.84","25.74"
"180","7/18/2014","25.79","25.85","25.78","25.85","29400","25.51","0.00","0.00","0.00","0.00","0.00","0.00","98.70","-0.10","25.57","25.46"
"181","7/21/2014","25.75","25.87","25.72","25.85","28700","25.74","0.00","0.00","0.00","0.00","0.00","0.00","99.56","-0.44","25.77","25.67"
"182","7/22/2014","26.00","26.03","26.00","26.01","15600","25.72","0.00","0.00","0.00","0.00","0.00","0.00","98.90","-0.49","25.76","25.66"
"183","7/23/2014","26.12","26.12","26.01","26.06","79400","25.88","0.00","0.00","0.00","0.00","0.00","0.00","99.32","-0.49","25.91","25.82"
"184","7/24/2014","25.95","26.11","25.94","26.04","24100","25.92","0.00","0.00","0.00","0.00","0.00","0.00","99.53","-0.55","25.94","25.86"
"185","7/25/2014","26.04","26.04","25.94","25.98","48200","25.89","0.00","0.00","0.00","0.00","0.00","0.00","99.67","-0.56","25.92","25.83"
"186","7/28/2014","25.94","26.05","25.94","26.03","53400","25.85","0.00","0.00","0.00","0.00","0.00","0.00","99.32","-0.49","25.89","25.79"
"187","7/29/2014","26.07","26.07","25.92","25.93","17200","25.88","0.00","0.00","0.00","0.00","0.00","0.00","99.82","-0.57","25.91","25.82"
"188","7/30/2014","25.90","25.90","25.71","25.72","68400","25.83","0.00","0.00","0.00","0.00","0.00","0.00","99.58","-0.39","25.86","25.77"
"189","7/31/2014","25.48","25.49","25.39","25.42","33700","25.66","0.00","0.00","0.00","0.00","0.00","0.00","99.07","-0.25","25.70","25.60"
"190","8/1/2014","25.45","25.46","25.31","25.42","36100","25.38","0.00","0.00","0.00","0.00","0.00","0.00","99.85","-0.15","25.44","25.32"
"191","8/4/2014","25.52","25.62","25.45","25.59","80100","25.36","0.00","0.00","0.00","0.00","0.00","0.00","99.10","-0.24","25.42","25.29"
"192","8/5/2014","25.41","25.42","25.20","25.33","63500","25.50","0.00","0.00","0.00","0.00","0.00","0.00","99.33","-0.35","25.55","25.44"
"193","8/6/2014","25.22","25.28","25.16","25.18","18600","25.28","0.00","0.00","0.00","0.00","0.00","0.00","99.61","-0.20","25.34","25.21"
"194","8/7/2014","25.15","25.26","25.01","25.01","16700","25.18","0.00","0.00","0.00","0.00","0.00","0.00","99.33","-0.01","25.25","25.11"
"195","8/8/2014","25.11","25.23","25.10","25.23","46800","25.05","0.00","0.00","0.00","0.00","0.00","0.00","99.28","0.15","25.13","24.98"
"196","8/11/2014","25.37","25.45","25.37","25.45","92700","25.18","0.00","0.00","0.00","0.00","0.00","0.00","98.94","-0.19","25.25","25.11"
"197","8/12/2014","25.43","25.43","25.38","25.38","20100","25.39","0.00","0.00","0.00","0.00","0.00","0.00","99.96","-0.24","25.45","25.32"
"198","8/13/2014","25.57","25.58","25.51","25.52","7000","25.35","0.00","0.00","0.00","0.00","0.00","0.00","99.35","-0.11","25.42","25.28"
"199","8/14/2014","25.65","25.68","25.63","25.66","14100","25.47","0.00","0.00","0.00","0.00","0.00","0.00","99.28","-0.18","25.53","25.41"
"200","8/15/2014","25.78","25.78","25.54","25.65","27700","25.59","0.00","0.00","0.00","0.00","0.00","0.00","99.75","-0.29","25.64","25.52"
"201","8/18/2014","25.66","25.79","25.66","25.78","33500","25.57","0.00","0.00","0.00","0.00","0.00","0.00","99.18","-0.32","25.62","25.51"
"202","8/19/2014","25.76","25.85","25.71","25.82","84000","25.67","0.00","0.00","0.00","0.00","0.00","0.00","99.41","-0.44","25.71","25.60"
"203","8/20/2014","25.60","25.79","25.60","25.78","41300","25.70","0.00","0.00","0.00","0.00","0.00","0.00","99.70","-0.45","25.74","25.64"
"204","8/21/2014","25.82","25.85","25.74","25.78","19600","25.65","0.00","0.00","0.00","0.00","0.00","0.00","99.51","-0.49","25.69","25.59"
"205","8/22/2014","25.67","25.73","25.65","25.73","29900","25.69","0.00","0.00","0.00","0.00","0.00","0.00","99.84","-0.35","25.73","25.63"
"206","8/25/2014","25.47","25.86","25.47","25.83","62900","25.63","0.00","0.00","0.00","0.00","0.00","0.00","99.23","-0.38","25.68","25.57"
"207","8/26/2014","25.94","25.95","25.90","25.90","49900","25.66","0.00","0.00","0.00","0.00","0.00","0.00","99.06","-0.67","25.69","25.60"
"208","8/27/2014","25.97","26.03","25.96","25.96","29700","25.80","0.00","0.00","0.00","0.00","0.00","0.00","99.37","-0.40","25.83","25.74"
"209","8/28/2014","25.86","25.89","25.81","25.89","21200","25.85","0.00","0.00","0.00","0.00","0.00","0.00","99.85","-0.42","25.88","25.79"
"210","8/29/2014","25.70","25.83","25.70","25.78","10300","25.77","0.00","0.00","0.00","0.00","0.00","0.00","99.94","-0.48","25.80","25.70"
"211","9/2/2014","25.72","25.88","25.72","25.85","39900","25.68","0.00","0.00","0.00","0.00","0.00","0.00","99.35","-0.38","25.72","25.62"
"212","9/3/2014","26.07","26.16","26.05","26.11","28500","25.73","0.00","0.00","0.00","0.00","0.00","0.00","98.53","-0.48","25.76","25.66"
"213","9/4/2014","26.20","26.20","25.96","26.01","36600","25.96","0.00","0.00","0.00","0.00","0.00","0.00","99.80","-0.59","25.98","25.90"
"214","9/5/2014","26.01","26.17","26.01","26.17","22500","25.89","0.00","0.00","0.00","0.00","0.00","0.00","98.92","-0.47","25.92","25.83"
"215","9/8/2014","25.97","26.04","25.88","25.94","16000","25.98","0.00","0.00","0.00","0.00","0.00","0.00","99.85","-0.73","26.00","25.92"
"216","9/9/2014","25.75","25.76","25.62","25.65","20400","25.82","0.00","0.00","0.00","0.00","0.00","0.00","99.33","-0.45","25.85","25.76"
"217","9/10/2014","25.68","25.73","25.59","25.69","10100","25.59","0.00","0.00","0.00","0.00","0.00","0.00","99.59","-0.25","25.64","25.52"
"218","9/11/2014","25.57","25.60","25.51","25.51","69600","25.60","0.00","0.00","0.00","0.00","0.00","0.00","99.66","-0.37","25.64","25.53"
"219","9/12/2014","25.46","25.47","25.34","25.39","8500","25.47","0.00","0.00","0.00","0.00","0.00","0.00","99.68","-0.15","25.53","25.41"
"220","9/15/2014","25.44","25.44","25.30","25.36","17100","25.35","0.00","0.00","0.00","0.00","0.00","0.00","99.97","-0.15","25.41","25.28"
"221","9/16/2014","25.12","25.39","25.12","25.29","22600","25.32","0.00","0.00","0.00","0.00","0.00","0.00","99.87","-0.14","25.39","25.26"
"222","9/17/2014","25.18","25.30","25.07","25.07","22700","25.24","0.00","0.00","0.00","0.00","0.00","0.00","99.32","-0.20","25.30","25.17"
"223","9/18/2014","25.12","25.27","25.12","25.23","27900","25.10","0.00","0.00","0.00","0.00","0.00","0.00","99.49","0.12","25.18","25.03"
"224","9/19/2014","25.21","25.25","25.07","25.14","93600","25.19","0.00","0.00","0.00","0.00","0.00","0.00","99.79","-0.15","25.26","25.12"
"225","9/22/2014","25.04","25.06","24.85","24.91","42700","25.13","0.00","0.00","0.00","0.00","0.00","0.00","99.13","-0.05","25.20","25.06"
"226","9/23/2014","24.82","24.93","24.78","24.79","16600","24.93","0.00","0.00","0.00","0.00","0.00","0.00","99.45","0.06","25.01","24.85"
"227","9/24/2014","24.92","24.94","24.80","24.94","125100","24.83","0.00","0.00","0.00","0.00","0.00","0.00","99.55","0.15","24.92","24.75"
"228","9/25/2014","24.77","24.77","24.50","24.53","26500","24.91","0.00","0.00","0.00","0.00","0.00","0.00","98.45","-0.12","24.99","24.84"
"229","9/26/2014","24.60","24.66","24.48","24.66","18900","24.59","0.00","0.00","0.00","0.00","0.00","0.00","99.71","0.24","24.69","24.51"
"230","9/29/2014","24.34","24.39","24.29","24.36","20400","24.64","0.00","0.00","0.00","0.00","0.00","0.00","98.87","-0.10","24.72","24.55"
"231","9/30/2014","24.32","24.39","24.31","24.37","12900","24.38","0.00","0.00","0.00","0.00","0.00","0.00","99.96","0.08","24.48","24.29"
"232","10/1/2014","24.27","24.27","24.09","24.09","6000","24.39","0.00","0.00","0.00","0.00","0.00","0.00","98.75","0.09","24.49","24.30"
"233","10/2/2014","23.98","24.09","23.89","24.01","26900","24.16","0.00","0.00","0.00","0.00","0.00","0.00","99.39","0.28","24.27","24.06"
"234","10/3/2014","24.02","24.06","23.94","24.06","31100","24.02","0.00","0.00","0.00","0.00","0.00","0.00","99.85","0.06","24.13","23.92"
"235","10/6/2014","24.19","24.34","24.15","24.21","64000","24.06","0.00","0.00","0.00","0.00","0.00","0.00","99.38","0.00","24.17","23.96"
"236","10/7/2014","24.15","24.15","23.87","23.87","48100","24.25","0.00","0.00","0.00","0.00","0.00","0.00","98.40","0.17","24.36","24.16"
"237","10/8/2014","23.91","24.25","23.75","24.22","54900","23.95","0.00","0.00","0.00","0.00","0.00","0.00","98.89","0.34","24.07","23.86"
"238","10/9/2014","23.97","24.08","23.72","23.72","39100","24.12","0.00","0.00","0.00","0.00","0.00","0.00","98.30","-0.40","24.22","24.03"
"239","10/10/2014","23.65","23.65","23.40","23.40","13600","23.81","0.00","0.00","0.00","0.00","0.00","0.00","98.23","0.39","23.93","23.72"
"240","10/13/2014","23.64","23.69","23.38","23.38","22300","23.46","0.00","0.00","0.00","0.00","0.00","0.00","99.67","0.25","23.58","23.34"
"241","10/14/2014","23.50","23.66","23.45","23.49","50800","23.45","0.00","0.00","0.00","0.00","0.00","0.00","99.82","0.29","23.58","23.34"
"242","10/15/2014","23.33","23.39","22.88","23.28","59700","23.52","0.00","0.00","0.00","0.00","0.00","0.00","98.96","0.14","23.65","23.41"
"243","10/16/2014","23.07","23.31","23.05","23.14","19900","23.18","0.00","0.00","0.00","0.00","0.00","0.00","99.85","-0.45","23.29","23.05"
"244","10/17/2014","23.62","23.64","23.44","23.55","31100","23.13","0.00","0.00","0.00","0.00","0.00","0.00","98.21","-0.05","23.26","23.00"
"245","10/20/2014","23.41","23.65","23.41","23.65","43100","23.55","0.00","0.00","0.00","0.00","0.00","0.00","99.58","0.00","23.67","23.43"
"246","10/21/2014","23.84","23.90","23.75","23.86","65600","23.60","0.00","0.00","0.00","0.00","0.00","0.00","98.90","-0.22","23.71","23.48"
"247","10/22/2014","23.86","23.88","23.66","23.71","34100","23.86","0.00","0.00","0.00","0.00","0.00","0.00","99.35","0.02","23.98","23.76"
"248","10/23/2014","23.91","23.93","23.83","23.85","164400","23.75","0.00","0.00","0.00","0.00","0.00","0.00","99.59","0.18","23.87","23.65"
"249","10/24/2014","23.94","23.98","23.91","23.94","25200","23.89","0.00","0.00","0.00","0.00","0.00","0.00","99.78","0.16","24.01","23.79"
"250","10/27/2014","23.75","23.90","23.75","23.90","23600","23.97","0.00","0.00","0.00","0.00","0.00","0.00","99.70","0.13","24.09","23.87"
"251","10/28/2014","24.07","24.25","24.07","24.25","13100","23.89","0.00","0.00","0.00","0.00","0.00","0.00","98.50","-0.06","24.00","23.78"
"252","10/29/2014","24.31","24.33","24.04","24.09","25200","24.23","0.00","0.00","0.00","0.00","0.00","0.00","99.40","-0.07","24.34","24.14"
"253","10/30/2014","24.09","24.33","24.08","24.27","14200","24.15","0.00","0.00","0.00","0.00","0.00","0.00","99.52","0.26","24.26","24.06"
"254","10/31/2014","24.41","24.47","24.40","24.42","30800","24.26","0.00","0.00","0.00","0.00","0.00","0.00","99.35","-0.03","24.36","24.17"
"255","11/3/2014","24.34","24.38","24.26","24.35","24800","24.46","0.00","0.00","0.00","0.00","0.00","0.00","99.56","0.15","24.56","24.37"
"256","11/4/2014","24.22","24.25","24.16","24.25","64100","24.36","0.00","0.00","0.00","0.00","0.00","0.00","99.53","0.06","24.47","24.27"
"257","11/5/2014","24.11","24.18","24.11","24.17","24100","24.26","0.00","0.00","0.00","0.00","0.00","0.00","99.63","0.04","24.37","24.16"
"258","11/6/2014","24.09","24.12","24.00","24.00","21900","24.19","0.00","0.00","0.00","0.00","0.00","0.00","99.21","0.08","24.30","24.09"
"259","11/7/2014","24.00","24.06","24.00","24.05","100500","24.06","0.00","0.00","0.00","0.00","0.00","0.00","99.98","0.23","24.17","23.96"
"260","11/10/2014","24.10","24.15","24.05","24.11","66400","24.07","0.00","0.00","0.00","0.00","0.00","0.00","99.84","0.09","24.18","23.97"
"261","11/11/2014","24.10","24.17","24.10","24.17","67400","24.13","0.00","0.00","0.00","0.00","0.00","0.00","99.85","0.10","24.25","24.04"
"262","11/12/2014","24.06","24.12","24.05","24.06","42200","24.19","0.00","0.00","0.00","0.00","0.00","0.00","99.48","0.06","24.29","24.09"
"263","11/13/2014","24.15","24.15","24.01","24.04","47400","24.10","0.00","0.00","0.00","0.00","0.00","0.00","99.74","0.18","24.22","24.00"
"264","11/14/2014","24.07","24.17","24.06","24.16","38500","24.09","0.00","0.00","0.00","0.00","0.00","0.00","99.69","0.19","24.20","23.99"
"265","11/17/2014","24.04","24.11","24.02","24.09","29200","24.17","0.00","0.00","0.00","0.00","0.00","0.00","99.67","0.03","24.28","24.07"
"266","11/18/2014","24.21","24.31","24.21","24.28","57500","24.11","0.00","0.00","0.00","0.00","0.00","0.00","99.29","0.08","24.22","24.01"
"267","11/19/2014","24.21","24.29","24.18","24.24","46000","24.30","0.00","0.00","0.00","0.00","0.00","0.00","99.75","0.08","24.41","24.21"
"268","11/20/2014","24.15","24.22","24.15","24.22","101500","24.27","0.00","0.00","0.00","0.00","0.00","0.00","99.81","0.11","24.37","24.17"
"269","11/21/2014","24.52","24.59","24.48","24.51","66400","24.24","0.00","0.00","0.00","0.00","0.00","0.00","98.88","0.06","24.34","24.14"
"270","11/24/2014","24.48","24.54","24.48","24.50","57700","24.55","0.00","0.00","0.00","0.00","0.00","0.00","99.81","0.14","24.64","24.46"
"271","11/25/2014","24.45","24.58","24.39","24.54","103300","24.53","0.00","0.00","0.00","0.00","0.00","0.00","99.97","0.13","24.63","24.45"
"272","11/26/2014","24.59","24.66","24.58","24.63","33400","24.53","0.00","0.00","0.00","0.00","0.00","0.00","99.61","-0.02","24.63","24.45"
"273","11/28/2014","24.49","24.49","24.40","24.40","1300","24.65","0.00","0.00","0.00","0.00","0.00","0.00","98.98","0.07","24.74","24.56"
"274","12/1/2014","24.30","24.30","24.15","24.16","36800","24.45","0.00","0.00","0.00","0.00","0.00","0.00","98.81","0.20","24.55","24.36"
"275","12/2/2014","24.11","24.18","24.11","24.14","56400","24.22","0.00","0.00","0.00","0.00","0.00","0.00","99.68","0.24","24.33","24.12"
"276","12/3/2014","24.16","24.22","24.16","24.21","34400","24.17","0.00","0.00","0.00","0.00","0.00","0.00","99.85","0.14","24.28","24.08"
"277","12/4/2014","24.16","24.20","24.10","24.18","60900","24.23","0.00","0.00","0.00","0.00","0.00","0.00","99.78","0.10","24.34","24.14"
"278","12/5/2014","23.96","24.09","23.96","24.07","40900","24.20","0.00","0.00","0.00","0.00","0.00","0.00","99.48","0.07","24.30","24.10"
"279","12/8/2014","24.01","24.04","23.86","23.93","45000","24.08","0.00","0.00","0.00","0.00","0.00","0.00","99.39","0.03","24.19","23.97"
"280","12/9/2014","23.66","23.75","23.65","23.75","153700","23.96","0.00","0.00","0.00","0.00","0.00","0.00","99.11","0.13","24.08","23.86"
"281","12/10/2014","23.56","23.65","23.41","23.53","79800","23.75","0.00","0.00","0.00","0.00","0.00","0.00","99.09","-0.02","23.86","23.64"
"282","12/11/2014","23.35","23.55","23.32","23.32","110100","23.53","0.00","0.00","0.00","0.00","0.00","0.00","99.09","0.01","23.65","23.42"
"283","12/12/2014","23.21","23.59","23.00","23.10","415600","23.37","0.00","0.00","0.00","0.00","0.00","0.00","98.85","0.19","23.50","23.25"
"284","12/15/2014","22.94","22.95","22.59","22.59","128500","23.15","0.00","0.00","0.00","0.00","0.00","0.00","97.53","0.21","23.28","23.05"
"285","12/16/2014","22.57","22.84","22.55","22.55","305300","22.59","0.00","0.00","0.00","0.00","0.00","0.00","99.80","0.02","22.73","22.46"
"286","12/17/2014","22.39","22.86","22.39","22.66","414000","22.52","0.00","0.00","0.00","0.00","0.00","0.00","99.40","-0.11","22.67","22.39"
"287","12/18/2014","22.90","23.06","22.87","23.00","314600","22.54","0.00","0.00","0.00","0.00","0.00","0.00","97.98","-0.55","22.67","22.40"
"288","12/19/2014","23.00","23.13","22.97","23.08","276100","22.94","0.00","0.00","0.00","0.00","0.00","0.00","99.38","-0.27","23.07","22.81"
"289","12/22/2014","23.21","23.31","23.14","23.24","127700","23.03","0.00","0.00","0.00","0.00","0.00","0.00","99.10","-0.21","23.16","22.91"
"290","12/23/2014","23.18","23.26","23.10","23.20","151900","23.22","0.00","0.00","0.00","0.00","0.00","0.00","99.93","-0.11","23.34","23.09"
"291","12/24/2014","23.08","23.20","23.07","23.20","9400","23.17","0.00","0.00","0.00","0.00","0.00","0.00","99.87","-0.13","23.30","23.04"
"292","12/26/2014","23.26","23.43","23.25","23.37","100800","23.15","0.00","0.00","0.00","0.00","0.00","0.00","99.05","-0.23","23.27","23.01"
"293","12/29/2014","23.19","23.37","23.17","23.18","180700","23.35","0.00","0.00","0.00","0.00","0.00","0.00","99.28","-0.10","23.47","23.23"
"294","12/30/2014","23.10","23.20","23.08","23.20","334700","23.20","0.00","0.00","0.00","0.00","0.00","0.00","99.99","0.10","23.34","23.08"
"295","12/31/2014","23.29","23.29","23.05","23.15","97100","23.15","0.00","0.00","0.00","0.00","0.00","0.00","100.00","-0.22","23.28","23.03"
"296","1/2/2015","22.99","23.03","22.91","23.01","45200","23.13","0.00","0.00","0.00","0.00","0.00","0.00","99.46","-0.07","23.26","23.01"
"297","1/5/2015","22.79","22.79","22.48","22.56","46100","22.95","0.00","0.00","0.00","0.00","0.00","0.00","98.26","-0.25","23.08","22.81"
"298","1/6/2015","22.58","22.62","22.37","22.42","85500","22.50","0.00","0.00","0.00","0.00","0.00","0.00","99.63","-0.25","22.64","22.35"
"299","1/7/2015","22.55","22.78","22.54","22.74","54500","22.34","0.00","0.00","0.00","0.00","0.00","0.00","98.26","-0.34","22.48","22.19"
"300","1/8/2015","22.83","23.15","22.83","23.08","121000","22.62","0.00","0.00","0.00","0.00","0.00","0.00","98.00","-0.54","22.74","22.46"
"301","1/9/2015","23.04","23.06","22.84","23.04","34600","22.99","0.00","0.00","0.00","0.00","0.00","0.00","99.78","-0.40","23.11","22.86"
"302","1/12/2015","22.88","22.96","22.78","22.87","52900","22.96","0.00","0.00","0.00","0.00","0.00","0.00","99.63","-0.37","23.08","22.81"
"303","1/13/2015","23.18","23.18","22.87","23.01","366200","22.82","0.00","0.00","0.00","0.00","0.00","0.00","99.15","-0.24","22.95","22.67"
"304","1/14/2015","22.96","23.03","22.86","22.99","42800","22.97","0.00","0.00","0.00","0.00","0.00","0.00","99.93","-0.16","23.11","22.86"
"305","1/15/2015","23.09","23.12","22.96","22.96","12600","22.93","0.00","0.00","0.00","0.00","0.00","0.00","99.85","-0.28","23.05","22.78"
"306","1/16/2015","22.90","23.23","22.89","23.23","130400","22.96","0.00","0.00","0.00","0.00","0.00","0.00","98.84","0.00","23.09","22.82"
"307","1/20/2015","23.18","23.26","23.16","23.21","479800","23.11","0.00","0.00","0.00","0.00","0.00","0.00","99.57","-0.52","23.23","22.98"
"308","1/21/2015","23.29","23.46","23.29","23.43","84100","23.19","0.00","0.00","0.00","0.00","0.00","0.00","98.99","-0.08","23.33","23.08"
"309","1/22/2015","23.45","23.75","23.45","23.71","63400","23.40","0.00","0.00","0.00","0.00","0.00","0.00","98.69","-0.13","23.52","23.28"
"310","1/23/2015","23.73","23.76","23.71","23.71","75000","23.66","0.00","0.00","0.00","0.00","0.00","0.00","99.80","-0.20","23.77","23.55"
"311","1/26/2015","23.73","23.83","23.69","23.81","157000","23.74","0.00","0.00","0.00","0.00","0.00","0.00","99.72","0.14","23.87","23.63"
"312","1/27/2015","23.62","23.82","23.62","23.76","71300","23.81","0.00","0.00","0.00","0.00","0.00","0.00","99.81","-0.02","23.92","23.70"
"313","1/28/2015","23.80","23.80","23.42","23.42","25800","23.75","0.00","0.00","0.00","0.00","0.00","0.00","98.57","-0.02","23.87","23.65"
"314","1/29/2015","23.57","23.64","23.43","23.61","15000","23.51","0.00","0.00","0.00","0.00","0.00","0.00","99.56","0.36","23.63","23.40"
"315","1/30/2015","23.34","23.34","23.20","23.20","8700","23.58","0.00","0.00","0.00","0.00","0.00","0.00","98.36","-0.12","23.70","23.46"
"316","2/2/2015","23.35","23.48","23.30","23.47","162600","23.22","0.00","0.00","0.00","0.00","0.00","0.00","98.94","0.09","23.35","23.09"
"317","2/3/2015","23.74","23.87","23.70","23.84","84800","23.43","0.00","0.00","0.00","0.00","0.00","0.00","98.28","-0.18","23.55","23.31"
"318","2/4/2015","23.81","23.81","23.71","23.79","562300","23.83","0.00","0.00","0.00","0.00","0.00","0.00","99.82","-0.03","23.95","23.73"
"319","2/5/2015","23.70","23.89","23.66","23.84","86200","23.79","0.00","0.00","0.00","0.00","0.00","0.00","99.81","0.02","23.92","23.71"
"320","2/6/2015","23.77","23.78","23.51","23.62","275500","23.82","0.00","0.00","0.00","0.00","0.00","0.00","99.13","-0.07","23.94","23.72"
"321","2/9/2015","23.56","23.62","23.53","23.55","108300","23.64","0.00","0.00","0.00","0.00","0.00","0.00","99.63","0.07","23.76","23.54"
"322","2/10/2015","23.51","23.62","23.51","23.62","13300","23.57","0.00","0.00","0.00","0.00","0.00","0.00","99.80","0.10","23.70","23.46"
"323","2/11/2015","23.40","23.53","23.40","23.48","17200","23.61","0.00","0.00","0.00","0.00","0.00","0.00","99.46","-0.06","23.72","23.49"
"324","2/12/2015","23.70","23.87","23.67","23.85","74400","23.48","0.00","0.00","0.00","0.00","0.00","0.00","98.43","-0.02","23.60","23.35"
"325","2/13/2015","23.89","24.04","23.89","24.00","18500","23.83","0.00","0.00","0.00","0.00","0.00","0.00","99.29","-0.09","23.94","23.72"
"326","2/17/2015","23.69","24.02","23.69","24.02","61700","24.01","0.00","0.00","0.00","0.00","0.00","0.00","99.95","0.04","24.12","23.90"
"327","2/18/2015","23.90","24.03","23.85","23.99","31800","23.96","0.00","0.00","0.00","0.00","0.00","0.00","99.86","-0.27","24.06","23.85"
"328","2/19/2015","24.01","24.01","23.92","24.00","23600","23.99","0.00","0.00","0.00","0.00","0.00","0.00","99.96","0.00","24.10","23.89"
"329","2/20/2015","23.82","24.11","23.82","24.11","45300","24.01","0.00","0.00","0.00","0.00","0.00","0.00","99.59","0.05","24.12","23.91"
"330","2/23/2015","23.84","23.99","23.84","23.96","23400","24.06","0.00","0.00","0.00","0.00","0.00","0.00","99.58","-0.21","24.16","23.96"
"331","2/24/2015","23.89","24.15","23.89","24.10","27200","23.96","0.00","0.00","0.00","0.00","0.00","0.00","99.43","0.01","24.07","23.86"
"332","2/25/2015","24.08","24.15","24.06","24.13","83800","24.08","0.00","0.00","0.00","0.00","0.00","0.00","99.80","-0.07","24.19","23.98"
"333","2/26/2015","24.00","24.10","23.92","24.02","52000","24.15","0.00","0.00","0.00","0.00","0.00","0.00","99.47","0.08","24.26","24.05"
"334","2/27/2015","24.06","24.08","24.00","24.00","48900","24.04","0.00","0.00","0.00","0.00","0.00","0.00","99.84","0.08","24.15","23.94"
"335","3/2/2015","24.04","24.04","23.96","23.97","33700","24.05","0.00","0.00","0.00","0.00","0.00","0.00","99.67","0.20","24.16","23.95"
"336","3/3/2015","23.89","23.98","23.87","23.91","71500","24.01","0.00","0.00","0.00","0.00","0.00","0.00","99.57","0.18","24.13","23.91"
"337","3/4/2015","23.68","23.80","23.66","23.78","30300","23.94","0.00","0.00","0.00","0.00","0.00","0.00","99.32","0.14","24.06","23.84"
"338","3/5/2015","23.79","23.80","23.68","23.73","32200","23.77","0.00","0.00","0.00","0.00","0.00","0.00","99.81","-0.02","23.89","23.66"
"339","3/6/2015","23.68","23.68","23.36","23.46","97500","23.75","0.00","0.00","0.00","0.00","0.00","0.00","98.75","0.10","23.87","23.64"
"340","3/9/2015","23.36","23.42","23.35","23.41","19400","23.48","0.00","0.00","0.00","0.00","0.00","0.00","99.68","0.11","23.61","23.38"
"341","3/10/2015","23.04","23.08","22.86","22.93","90400","23.40","0.00","0.00","0.00","0.00","0.00","0.00","97.95","-0.04","23.52","23.27"
"342","3/11/2015","22.98","23.03","22.95","23.03","14500","22.90","0.00","0.00","0.00","0.00","0.00","0.00","99.45","-0.12","23.03","22.77"
"343","3/12/2015","23.10","23.26","23.10","23.26","24600","22.98","0.00","0.00","0.00","0.00","0.00","0.00","98.78","-0.23","23.10","22.83"
"344","3/13/2015","23.13","23.13","22.84","23.01","14700","23.20","0.00","0.00","0.00","0.00","0.00","0.00","99.16","-0.25","23.33","23.07"
"345","3/16/2015","23.21","23.26","23.16","23.17","209200","22.95","0.00","0.00","0.00","0.00","0.00","0.00","99.07","-0.24","23.08","22.82"
"346","3/17/2015","23.15","23.22","23.12","23.20","47400","23.17","0.00","0.00","0.00","0.00","0.00","0.00","99.88","0.01","23.30","23.05"
"347","3/18/2015","23.23","23.69","23.21","23.61","24100","23.17","0.00","0.00","0.00","0.00","0.00","0.00","98.13","-0.14","23.29","23.03"
"348","3/19/2015","23.49","23.49","23.30","23.34","17200","23.52","0.00","0.00","0.00","0.00","0.00","0.00","99.23","-0.38","23.63","23.40"
"349","3/20/2015","23.61","23.86","23.61","23.71","23800","23.36","0.00","0.00","0.00","0.00","0.00","0.00","98.53","0.09","23.49","23.24"
"350","3/23/2015","23.78","23.89","23.78","23.85","49300","23.73","0.00","0.00","0.00","0.00","0.00","0.00","99.51","0.09","23.85","23.62"
"351","3/24/2015","23.94","23.99","23.83","23.86","68100","23.87","0.00","0.00","0.00","0.00","0.00","0.00","99.97","0.07","23.98","23.76"
"352","3/25/2015","23.89","23.96","23.72","23.77","71500","23.91","0.00","0.00","0.00","0.00","0.00","0.00","99.43","0.19","24.02","23.80"
"353","3/26/2015","23.46","23.65","23.46","23.63","18800","23.82","0.00","0.00","0.00","0.00","0.00","0.00","99.20","0.20","23.94","23.72"
"354","3/27/2015","23.66","23.72","23.60","23.63","62400","23.60","0.00","0.00","0.00","0.00","0.00","0.00","99.88","-0.12","23.72","23.48"
"355","3/30/2015","23.67","23.93","23.67","23.81","10900","23.66","0.00","0.00","0.00","0.00","0.00","0.00","99.37","0.12","23.78","23.55"
"356","3/31/2015","23.84","24.00","23.61","23.65","40400","23.82","0.00","0.00","0.00","0.00","0.00","0.00","99.29","0.04","23.93","23.71"
"357","4/1/2015","23.78","23.93","23.78","23.83","8700","23.73","0.00","0.00","0.00","0.00","0.00","0.00","99.57","0.32","23.85","23.63"
"358","4/2/2015","24.16","24.22","24.10","24.22","31200","23.86","0.00","0.00","0.00","0.00","0.00","0.00","98.53","0.14","23.98","23.76"
"359","4/6/2015","24.19","24.57","24.19","24.50","23100","24.22","0.00","0.00","0.00","0.00","0.00","0.00","98.86","0.00","24.33","24.12"
"360","4/7/2015","24.36","24.48","24.21","24.21","52200","24.46","0.00","0.00","0.00","0.00","0.00","0.00","98.98","-0.18","24.55","24.37"
"361","4/8/2015","24.21","24.57","24.21","24.41","81800","24.29","0.00","0.00","0.00","0.00","0.00","0.00","99.51","0.34","24.40","24.21"
"362","4/9/2015","24.68","24.68","24.47","24.60","41900","24.41","0.00","0.00","0.00","0.00","0.00","0.00","99.24","0.02","24.51","24.33"
"363","4/10/2015","24.53","24.55","24.44","24.51","35500","24.60","0.00","0.00","0.00","0.00","0.00","0.00","99.62","0.01","24.70","24.52"
"364","4/13/2015","24.34","24.51","24.29","24.29","35400","24.53","0.00","0.00","0.00","0.00","0.00","0.00","99.02","0.07","24.63","24.44"
"365","4/14/2015","24.43","24.57","24.43","24.50","79700","24.36","0.00","0.00","0.00","0.00","0.00","0.00","99.44","0.30","24.47","24.28"
"366","4/15/2015","24.54","24.75","24.54","24.69","29300","24.52","0.00","0.00","0.00","0.00","0.00","0.00","99.32","0.09","24.62","24.44"
"367","4/16/2015","24.78","24.93","24.72","24.81","26700","24.68","0.00","0.00","0.00","0.00","0.00","0.00","99.49","-0.03","24.77","24.60"
"368","4/17/2015","24.56","24.57","24.45","24.50","46700","24.82","0.00","0.00","0.00","0.00","0.00","0.00","98.69","0.05","24.91","24.75"
"369","4/20/2015","24.60","24.61","24.50","24.51","54600","24.53","0.00","0.00","0.00","0.00","0.00","0.00","99.93","0.12","24.63","24.44"
"370","4/21/2015","24.68","24.79","24.65","24.66","60500","24.55","0.00","0.00","0.00","0.00","0.00","0.00","99.57","0.18","24.65","24.47"
"371","4/22/2015","24.66","24.78","24.65","24.72","75600","24.70","0.00","0.00","0.00","0.00","0.00","0.00","99.93","0.17","24.80","24.62"
"372","4/23/2015","24.55","24.94","24.55","24.88","38100","24.73","0.00","0.00","0.00","0.00","0.00","0.00","99.41","0.05","24.82","24.65"
"373","4/24/2015","24.86","25.00","24.86","25.00","73600","24.82","0.00","0.00","0.00","0.00","0.00","0.00","99.26","-0.26","24.89","24.74"
"374","4/27/2015","25.15","25.15","25.07","25.07","9700","24.97","0.00","0.00","0.00","0.00","0.00","0.00","99.59","-0.13","25.05","24.89"
"375","4/28/2015","25.07","25.15","25.07","25.15","29000","25.08","0.00","0.00","0.00","0.00","0.00","0.00","99.72","0.04","25.16","25.01"
"376","4/29/2015","24.91","24.99","24.89","24.97","50300","25.12","0.00","0.00","0.00","0.00","0.00","0.00","99.39","-0.11","25.19","25.05"
"377","0/0/0000","0.00","24.96","24.76","24.76","0","24.96","0.00","0.00","0.00","0.00","0.00","0.00","99.20","-0.05","25.04","24.88"
"378","0/0/0000","0.00","24.54","24.38","24.47","0","24.22","0.00","0.00","0.00","0.00","0.00","0.00","98.98","-2.18","24.35","24.12"
"379","0/0/0000","0.00","24.24","24.06","24.16","0","23.80","0.00","0.00","0.00","0.00","0.00","0.00","98.49","-2.76","23.96","23.68"
"380","0/0/0000","0.00","23.56","23.34","23.48","0","23.40","0.00","0.00","0.00","0.00","0.00","0.00","99.67","-3.13","23.60","23.29"
"381","0/0/0000","0.00","22.84","22.02","22.15","0","22.50","0.00","0.00","0.00","0.00","0.00","0.00","98.41","-4.16","22.77","22.37"
"382","0/0/0000","0.00","20.58","18.91","19.61","0","20.89","0.00","0.00","0.00","0.00","0.00","0.00","93.46","-5.68","21.26","20.75"
"383","0/0/0000","0.00","20.64","20.33","20.45","0","17.07","0.00","0.00","0.00","0.00","0.00","0.00","83.47","-12.96","17.56","16.83"
"384","0/0/0000","0.00","18.71","17.79","18.29","0","18.26","0.00","0.00","0.00","0.00","0.00","0.00","99.82","-10.72","18.75","18.05"
"385","0/0/0000","0.00","15.77","14.88","15.24","0","14.98","0.00","0.00","0.00","0.00","0.00","0.00","98.27","-18.12","15.52","14.63"
"386","0/0/0000","0.00","11.20","9.98","10.76","0","10.76","0.00","0.00","0.00","0.00","0.00","0.00","99.38","-29.37","11.20","9.98"
