"12:37:00","01:00:00","55.51","53.48","0.00","0.00","0.00","53.48","53.80","38.46","45.147B","844","193"
"12:37:00","01:02:00","55.54","53.48","0.00","0.00","0.00","53.48","53.80","38.46","45.147B","844","193"
"12:37:00","01:03:00","55.54","53.48","0.00","0.00","0.00","53.48","53.80","38.46","45.147B","844","193"
"12:37:00","01:04:00","55.54","53.48","0.00","0.00","0.00","53.48","53.80","38.46","45.147B","844","193"
"12:37:00","01:05:00","55.54","53.48","0.00","0.00","0.00","53.48","53.80","38.46","45.147B","844","193"
"12:37:00","01:06:00","55.55","53.48","0.00","0.00","0.00","53.48","53.80","38.46","45.147B","844","193"
"12:37:00","01:07:00","55.53","53.48","0.00","0.00","0.00","53.48","53.80","38.46","45.147B","844","193"
"12:37:00","01:08:00","55.54","53.48","0.00","0.00","0.00","53.48","53.80","38.46","45.147B","844","193"
"12:37:00","01:10:00","55.54","53.48","0.00","0.00","0.00","53.48","53.80","38.46","45.147B","844","193"
"12:37:00","01:11:00","55.54","53.48","0.00","0.00","0.00","53.48","53.80","38.46","45.147B","844","193"
"12:37:00","01:12:00","55.56","53.48","0.00","0.00","0.00","53.48","53.80","38.46","45.147B","844","193"
"12:37:00","01:13:00","55.53","53.48","0.00","0.00","0.00","53.48","53.80","38.46","45.147B","844","193"
"12:37:00","01:14:00","55.56","53.48","0.00","0.00","0.00","53.48","53.80","38.46","45.147B","844","193"
"12:37:00","01:16:00","55.76","53.48","0.00","0.00","0.00","53.48","53.80","38.46","45.147B","844","193"
"12:37:00","01:17:00","55.56","53.48","0.00","0.00","0.00","53.48","53.80","38.46","45.147B","844","193"
"12:37:00","01:18:00","55.56","53.48","0.00","0.00","0.00","53.48","53.80","38.46","45.147B","844","193"
"12:37:00","01:19:00","55.56","53.48","0.00","0.00","0.00","53.48","53.80","38.46","45.147B","844","193"
"12:37:00","01:20:00","55.57","53.48","0.00","0.00","0.00","53.48","53.80","38.46","45.147B","844","193"
"12:37:00","01:21:00","55.62","53.48","0.00","0.00","0.00","53.48","53.80","38.46","45.147B","844","193"
"12:37:00","01:22:00","55.65","53.48","0.00","0.00","0.00","53.48","53.80","38.46","45.147B","844","193"
"12:37:00","01:23:00","55.66","53.48","0.00","0.00","0.00","53.48","53.80","38.46","45.147B","844","193"
"12:37:00","01:24:00","55.71","53.48","0.00","0.00","0.00","53.48","53.80","38.46","45.147B","844","193"
"12:37:00","01:25:00","55.70","53.48","0.00","0.00","0.00","53.48","53.80","38.46","45.147B","844","193"
"12:37:00","01:26:00","55.71","53.48","0.00","0.00","0.00","53.48","53.80","38.46","45.147B","844","193"
"12:37:00","01:27:00","55.67","53.48","0.00","0.00","0.00","53.48","53.80","38.46","45.147B","844","193"
"12:37:00","01:28:00","55.64","53.48","0.00","0.00","0.00","53.48","53.80","38.46","45.147B","844","193"
"12:37:00","01:29:00","55.63","53.48","0.00","0.00","0.00","53.48","53.80","38.46","45.147B","844","193"
"12:37:00","01:30:00","59.72","53.48","0.00","0.00","0.00","53.48","53.80","38.46","45.147B","844","193"
"12:37:00","01:31:00","55.63","53.48","0.00","0.00","0.00","53.48","53.80","38.46","45.147B","844","193"
"12:37:00","01:33:00","55.65","53.48","0.00","0.00","0.00","53.48","53.80","38.46","45.147B","844","193"
"12:37:00","01:34:00","55.69","53.48","0.00","0.00","0.00","53.48","53.80","38.46","45.147B","844","193"
"12:37:00","01:35:00","55.69","53.48","0.00","0.00","0.00","53.48","53.80","38.46","45.147B","844","193"
"12:37:00","01:36:00","59.87","53.48","0.00","0.00","0.00","53.48","53.80","38.46","45.147B","844","193"
"12:37:00","01:37:00","55.71","53.48","0.00","0.00","0.00","53.48","53.80","38.46","45.147B","844","193"
"12:37:00","01:38:00","56.66","53.48","0.00","0.00","0.00","53.48","53.80","38.46","45.147B","844","193"
"12:37:00","01:39:00","55.70","53.48","0.00","0.00","0.00","53.48","53.80","38.46","45.147B","844","193"
"12:37:00","01:40:00","55.72","53.48","0.00","0.00","0.00","53.48","53.80","38.46","45.147B","844","193"
"12:37:00","01:41:00","55.77","53.48","0.00","0.00","0.00","53.48","53.80","38.46","45.147B","844","193"
"12:37:00","01:42:00","55.79","53.48","0.00","0.00","0.00","53.48","53.80","38.46","45.147B","844","193"
"12:37:00","01:43:00","55.79","53.48","0.00","0.00","0.00","53.48","53.80","38.46","45.147B","844","193"
"12:37:00","01:44:00","55.79","53.48","0.00","0.00","0.00","53.48","53.80","38.46","45.147B","844","193"
"12:37:00","01:45:00","55.76","53.48","0.00","0.00","0.00","53.48","53.80","38.46","45.147B","844","193"
"12:37:00","01:46:00","55.74","53.48","0.00","0.00","0.00","53.48","53.80","38.46","45.147B","844","193"
"12:37:00","01:47:00","55.74","53.48","0.00","0.00","0.00","53.48","53.80","38.46","45.147B","844","193"
"12:37:00","01:48:00","55.95","53.48","0.00","0.00","0.00","53.48","53.80","38.46","45.147B","844","193"
"12:37:00","01:49:00","55.76","53.48","0.00","0.00","0.00","53.48","53.80","38.46","45.147B","844","193"
"12:37:00","01:50:00","55.75","53.48","0.00","0.00","0.00","53.48","53.80","38.46","45.147B","844","193"
"12:37:00","01:52:00","55.75","53.48","0.00","0.00","0.00","53.48","53.80","38.46","45.147B","844","193"
"12:37:00","01:54:00","55.74","53.48","0.00","0.00","0.00","53.48","53.80","38.46","45.147B","844","193"
"12:37:00","01:55:00","55.74","53.48","0.00","0.00","0.00","53.48","53.80","38.46","45.147B","844","193"
"12:37:00","01:56:00","55.70","53.48","0.00","0.00","0.00","53.48","53.80","38.46","45.147B","844","193"
"12:37:00","01:57:00","55.69","53.48","0.00","0.00","0.00","53.48","53.80","38.46","45.147B","844","193"
"12:37:00","01:58:00","55.67","53.48","0.00","0.00","0.00","53.48","53.80","38.46","45.147B","844","193"
"12:37:00","01:59:00","55.67","53.48","0.00","0.00","0.00","53.48","53.80","38.46","45.147B","844","193"
"12:37:00","02:00:00","55.68","53.48","0.00","0.00","0.00","53.48","53.80","38.46","45.147B","844","193"
"12:37:00","02:01:00","55.72","53.48","0.00","0.00","0.00","53.48","53.80","38.46","45.147B","844","193"
"12:37:00","02:02:00","55.70","53.48","0.00","0.00","0.00","53.48","53.80","38.46","45.147B","844","193"
"12:37:00","02:03:00","55.73","53.48","0.00","0.00","0.00","53.48","53.80","38.46","45.147B","844","193"
"12:37:00","02:04:00","55.74","53.48","0.00","0.00","0.00","53.48","53.80","38.46","45.147B","844","193"
"12:37:00","02:05:00","55.74","53.48","0.00","0.00","0.00","53.48","53.80","38.46","45.147B","844","193"
"12:37:00","02:06:00","55.74","53.48","0.00","0.00","0.00","53.48","53.80","38.46","45.147B","844","193"
"12:37:00","02:07:00","55.76","53.48","0.00","0.00","0.00","53.48","53.80","38.46","45.147B","844","193"
"12:37:00","02:08:00","55.76","53.48","0.00","0.00","0.00","53.48","53.80","38.46","45.147B","844","193"
"12:37:00","02:09:00","55.76","53.48","0.00","0.00","0.00","53.48","53.80","38.46","45.147B","844","193"
"12:37:00","02:10:00","55.81","53.48","0.00","0.00","0.00","53.48","53.80","38.46","45.147B","844","193"
"12:37:00","02:11:00","55.80","53.48","0.00","0.00","0.00","53.48","53.80","38.46","45.147B","844","193"
"12:37:00","02:13:00","55.78","53.48","0.00","0.00","0.00","53.48","53.80","38.46","45.147B","844","193"
"12:37:00","02:14:00","55.81","53.48","0.00","0.00","0.00","53.48","53.80","38.46","45.147B","844","193"
"12:37:00","02:16:00","55.79","53.48","0.00","0.00","0.00","53.48","53.80","38.46","45.147B","844","193"
"12:37:00","02:18:00","55.81","53.48","0.00","0.00","0.00","53.48","53.80","38.46","45.147B","844","193"
"12:37:00","02:19:00","55.80","53.48","0.00","0.00","0.00","53.48","53.80","38.46","45.147B","844","193"
"12:37:00","02:20:00","55.84","53.48","0.00","0.00","0.00","53.48","53.80","38.46","45.147B","844","193"
"12:37:00","02:22:00","55.82","53.48","0.00","0.00","0.00","53.48","53.80","38.46","45.147B","844","193"
"12:37:00","02:23:00","55.82","53.48","0.00","0.00","0.00","53.48","53.80","38.46","45.147B","844","193"
"12:37:00","02:24:00","55.83","53.48","0.00","0.00","0.00","53.48","53.80","38.46","45.147B","844","193"
"12:37:00","02:26:00","55.86","53.48","0.00","0.00","0.00","53.48","53.80","38.46","45.147B","844","193"
"12:37:00","02:27:00","55.86","53.48","0.00","0.00","0.00","53.48","53.80","38.46","45.147B","844","193"
"12:37:00","02:31:00","55.87","53.48","0.00","0.00","0.00","53.48","53.80","38.46","45.147B","844","193"
"12:37:00","02:33:00","55.89","53.48","0.00","0.00","0.00","53.48","53.80","38.46","45.147B","844","193"
"12:37:00","02:34:00","55.92","53.48","0.00","0.00","0.00","53.48","53.80","38.46","45.147B","844","193"
"12:37:00","02:35:00","55.86","53.48","0.00","0.00","0.00","53.48","53.80","38.46","45.147B","844","193"
"12:37:00","02:36:00","55.88","53.48","0.00","0.00","0.00","53.48","53.80","38.46","45.147B","844","193"
"12:37:00","02:37:00","55.86","53.48","0.00","0.00","0.00","53.48","53.80","38.46","45.147B","844","193"
"12:37:00","02:38:00","55.85","53.48","0.00","0.00","0.00","53.48","53.80","38.46","45.147B","844","193"
"12:37:00","02:40:00","55.86","53.48","0.00","0.00","0.00","53.48","53.80","38.46","45.147B","844","193"
"12:37:00","02:42:00","55.85","53.48","0.00","0.00","0.00","53.48","53.80","38.46","45.147B","844","193"
"12:37:00","02:43:00","55.84","53.48","0.00","0.00","0.00","53.48","53.80","38.46","45.147B","844","193"
"12:37:00","02:44:00","55.85","53.48","0.00","0.00","0.00","53.48","53.80","38.46","45.147B","844","193"
"12:37:00","02:46:00","55.85","53.48","0.00","0.00","0.00","53.48","53.80","38.46","45.147B","844","193"
"12:37:00","02:47:00","55.82","53.48","0.00","0.00","0.00","53.48","53.80","38.46","45.147B","844","193"
"12:37:00","02:49:00","55.82","53.48","0.00","0.00","0.00","53.48","53.80","38.46","45.147B","844","193"
"12:37:00","02:50:00","55.81","53.48","0.00","0.00","0.00","53.48","53.80","38.46","45.147B","844","193"
"12:37:00","02:51:00","55.83","53.48","0.00","0.00","0.00","53.48","53.80","38.46","45.147B","844","193"
"12:37:00","02:52:00","55.85","53.48","0.00","0.00","0.00","53.48","53.80","38.46","45.147B","844","193"
"12:37:00","02:53:00","55.85","53.48","0.00","0.00","0.00","53.48","53.80","38.46","45.147B","844","193"
"12:37:00","02:54:00","55.85","53.48","0.00","0.00","0.00","53.48","53.80","38.46","45.147B","844","193"
"12:37:00","02:55:00","55.85","53.48","0.00","0.00","0.00","53.48","53.80","38.46","45.147B","844","193"
"12:37:00","02:56:00","55.85","53.48","0.00","0.00","0.00","53.48","53.80","38.46","45.147B","844","193"
"12:37:00","02:57:00","55.85","53.48","0.00","0.00","0.00","53.48","53.80","38.46","45.147B","844","193"
"12:37:00","02:59:00","55.85","53.48","0.00","0.00","0.00","53.48","53.80","38.46","45.147B","844","193"
"12:37:00","03:00:00","55.85","53.48","0.00","0.00","0.00","53.48","53.80","38.46","45.147B","844","193"
"12:37:00","03:02:00","55.85","53.48","0.00","0.00","0.00","53.48","53.80","38.46","45.147B","844","193"
"12:37:00","03:03:00","55.85","53.48","0.00","0.00","0.00","53.48","53.80","38.46","45.147B","844","193"
"12:37:00","03:04:00","55.85","53.48","0.00","0.00","0.00","53.48","53.80","38.46","45.147B","844","193"
"12:37:00","03:05:00","55.85","53.48","0.00","0.00","0.00","53.48","53.80","38.46","45.147B","844","193"
"12:37:00","03:07:00","55.84","53.48","0.00","0.00","0.00","53.48","53.80","38.46","45.147B","844","193"
"12:37:00","03:08:00","55.84","53.48","0.00","0.00","0.00","53.48","53.80","38.46","45.147B","844","193"
"12:37:00","03:09:00","55.86","53.48","0.00","0.00","0.00","53.48","53.80","38.46","45.147B","844","193"
"12:37:00","03:10:00","55.88","53.48","0.00","0.00","0.00","53.48","53.80","38.46","45.147B","844","193"
"12:37:00","03:11:00","55.84","53.48","0.00","0.00","0.00","53.48","53.80","38.46","45.147B","844","193"
"12:37:00","03:12:00","55.84","53.48","0.00","0.00","0.00","53.48","53.80","38.46","45.147B","844","193"
"12:37:00","03:13:00","55.85","53.48","0.00","0.00","0.00","53.48","53.80","38.46","45.147B","844","193"
"12:37:00","03:14:00","55.85","53.48","0.00","0.00","0.00","53.48","53.80","38.46","45.147B","844","193"
"12:37:00","03:16:00","55.84","53.48","0.00","0.00","0.00","53.48","53.80","38.46","45.147B","844","193"
"12:37:00","03:17:00","55.85","53.48","0.00","0.00","0.00","53.48","53.80","38.46","45.147B","844","193"
"12:37:00","03:18:00","55.85","53.48","0.00","0.00","0.00","53.48","53.80","38.46","45.147B","844","193"
"12:37:00","03:19:00","55.85","53.48","0.00","0.00","0.00","53.48","53.80","38.46","45.147B","844","193"
"12:37:00","03:20:00","55.84","53.48","0.00","0.00","0.00","53.48","53.80","38.46","45.147B","844","193"
"12:37:00","03:21:00","55.85","53.48","0.00","0.00","0.00","53.48","53.80","38.46","45.147B","844","193"
"12:37:00","03:22:00","55.84","53.48","0.00","0.00","0.00","53.48","53.80","38.46","45.147B","844","193"
"12:37:00","03:23:00","55.85","53.48","0.00","0.00","0.00","53.48","53.80","38.46","45.147B","844","193"
"12:37:00","03:24:00","55.84","53.48","0.00","0.00","0.00","53.48","53.80","38.46","45.147B","844","193"
"12:37:00","03:25:00","55.84","53.48","0.00","0.00","0.00","53.48","53.80","38.46","45.147B","844","193"
"12:37:00","03:26:00","55.84","53.48","0.00","0.00","0.00","53.48","53.80","38.46","45.147B","844","193"
"12:37:00","03:28:00","55.85","53.48","0.00","0.00","0.00","53.48","53.80","38.46","45.147B","844","193"
"12:37:00","03:29:00","55.85","53.48","0.00","0.00","0.00","53.48","53.80","38.46","45.147B","844","193"
"12:37:00","03:30:00","55.82","53.48","0.00","0.00","0.00","53.48","53.80","38.46","45.147B","844","193"
"12:37:00","03:31:00","55.85","53.48","0.00","0.00","0.00","53.48","53.80","38.46","45.147B","844","193"
"12:37:00","03:32:00","55.83","53.48","0.00","0.00","0.00","53.48","53.80","38.46","45.147B","844","193"
"12:37:00","03:33:00","55.83","53.48","0.00","0.00","0.00","53.48","53.80","38.46","45.147B","844","193"
"12:37:00","03:34:00","55.86","53.48","0.00","0.00","0.00","53.48","53.80","38.46","45.147B","844","193"
"12:37:00","03:36:00","55.85","53.48","0.00","0.00","0.00","53.48","53.80","38.46","45.147B","844","193"
"12:37:00","03:37:00","55.88","53.48","0.00","0.00","0.00","53.48","53.80","38.46","45.147B","844","193"
"12:37:00","03:38:00","55.88","53.48","0.00","0.00","0.00","53.48","53.80","38.46","45.147B","844","193"
"12:37:00","03:39:00","55.90","53.48","0.00","0.00","0.00","53.48","53.80","38.46","45.147B","844","193"
"12:37:00","03:40:00","55.91","53.48","0.00","0.00","0.00","53.48","53.80","38.46","45.147B","844","193"
"12:37:00","03:41:00","55.89","53.48","0.00","0.00","0.00","53.48","53.80","38.46","45.147B","844","193"
"12:37:00","03:42:00","55.89","53.48","0.00","0.00","0.00","53.48","53.80","38.46","45.147B","844","193"
"12:37:00","03:43:00","55.88","53.48","0.00","0.00","0.00","53.48","53.80","38.46","45.147B","844","193"
"12:37:00","03:45:00","55.89","53.48","0.00","0.00","0.00","53.48","53.80","38.46","45.147B","844","193"
"12:37:00","03:46:00","55.90","53.48","0.00","0.00","0.00","53.48","53.80","38.46","45.147B","844","193"
"12:37:00","03:47:00","55.91","53.48","0.00","0.00","0.00","53.48","53.80","38.46","45.147B","844","193"
"12:37:00","03:48:00","55.90","53.48","0.00","0.00","0.00","53.48","53.80","38.46","45.147B","844","193"
"12:37:00","03:49:00","55.89","53.48","0.00","0.00","0.00","53.48","53.80","38.46","45.147B","844","193"
"12:37:00","03:50:00","55.89","53.48","0.00","0.00","0.00","53.48","53.80","38.46","45.147B","844","193"
"12:37:00","03:51:00","55.91","53.48","0.00","0.00","0.00","53.48","53.80","38.46","45.147B","844","193"
"12:37:00","03:52:00","55.91","53.48","0.00","0.00","0.00","53.48","53.80","38.46","45.147B","844","193"
"12:37:00","03:53:00","55.89","53.48","0.00","0.00","0.00","53.48","53.80","38.46","45.147B","844","193"
"12:37:00","03:54:00","55.88","53.48","0.00","0.00","0.00","53.48","53.80","38.46","45.147B","844","193"
"12:37:00","03:56:00","55.86","53.48","0.00","0.00","0.00","53.48","53.80","38.46","45.147B","844","193"
"12:37:00","03:57:00","55.87","53.48","0.00","0.00","0.00","53.48","53.80","38.46","45.147B","844","193"
"12:37:00","03:58:00","55.90","53.48","0.00","0.00","0.00","53.48","53.80","38.46","45.147B","844","193"
"12:37:00","03:59:00","55.90","53.48","0.00","0.00","0.00","53.48","53.80","38.46","45.147B","844","193"
"12:37:00","04:00:00","55.89","53.48","0.00","0.00","0.00","53.48","53.80","38.46","45.147B","844","193"
"12:37:00","09:31:00","57.71","53.48","0.00","0.00","0.00","53.48","53.80","38.46","45.147B","844","193"
"12:37:00","09:32:00","57.71","53.48","0.00","0.00","0.00","53.48","53.80","38.46","45.147B","844","193"
"12:37:00","09:33:00","57.71","53.48","0.00","0.00","0.00","53.48","53.80","38.46","45.147B","844","193"
"12:37:00","09:34:00","57.71","53.48","0.00","0.00","0.00","53.48","53.80","38.46","45.147B","844","193"
"12:37:00","09:35:00","57.71","53.48","0.00","0.00","0.00","53.48","53.80","38.46","45.147B","844","193"
"12:37:00","09:36:00","57.71","53.48","0.00","0.00","0.00","53.48","53.80","38.46","45.147B","844","193"
"12:37:00","09:37:00","57.71","53.48","0.00","0.00","0.00","53.48","53.80","38.46","45.147B","844","193"
"12:37:00","09:38:00","57.71","53.48","0.00","0.00","0.00","53.48","53.80","38.46","45.147B","844","193"
"12:37:00","09:39:00","57.71","53.48","0.00","0.00","0.00","53.48","53.80","38.46","45.147B","844","193"
"12:37:00","09:40:00","57.71","53.48","0.00","0.00","0.00","53.48","53.80","38.46","45.147B","844","193"
"12:37:00","09:41:00","57.71","53.48","0.00","0.00","0.00","53.48","53.80","38.46","45.147B","844","193"
"12:37:00","09:43:00","57.59","53.48","0.00","0.00","0.00","53.48","53.80","38.46","45.147B","844","193"
"12:37:00","09:44:00","57.60","53.48","0.00","0.00","0.00","53.48","53.80","38.46","45.147B","844","193"
"12:37:00","09:46:00","54.92","53.48","0.00","0.00","0.00","53.48","53.80","38.46","45.147B","844","193"
"12:37:00","09:47:00","55.03","53.48","0.00","0.00","0.00","53.48","53.80","38.46","45.147B","844","193"
"12:37:00","09:48:00","55.25","53.48","0.00","0.00","0.00","53.48","53.80","38.46","45.147B","844","193"
"12:37:00","09:49:00","55.28","53.48","0.00","0.00","0.00","53.48","53.80","38.46","45.147B","844","193"
"12:37:00","09:51:00","55.07","53.48","0.00","0.00","0.00","53.48","53.80","38.46","45.147B","844","193"
"12:37:00","09:52:00","55.98","53.48","0.00","0.00","0.00","53.48","53.80","38.46","45.147B","844","193"
"12:37:00","09:53:00","65.40","53.48","0.00","0.00","0.00","53.48","53.80","38.46","45.147B","844","193"
"12:37:00","09:54:00","54.99","53.48","0.00","0.00","0.00","53.48","53.80","38.46","45.147B","844","193"
"12:37:00","09:55:00","55.00","53.48","0.00","0.00","0.00","53.48","53.80","38.46","45.147B","844","193"
"12:37:00","09:56:00","54.92","53.48","0.00","0.00","0.00","53.48","53.80","38.46","45.147B","844","193"
"12:37:00","09:57:00","55.00","53.48","0.00","0.00","0.00","53.48","53.80","38.46","45.147B","844","193"
"12:37:00","10:00:00","55.12","53.48","0.00","0.00","0.00","53.48","53.80","38.46","45.147B","844","193"
"12:37:00","10:02:00","59.40","53.48","0.00","0.00","0.00","53.48","53.80","38.46","45.147B","844","193"
"12:37:00","10:03:00","55.06","53.48","0.00","0.00","0.00","53.48","53.80","38.46","45.147B","844","193"
"12:37:00","10:05:00","55.00","53.48","0.00","0.00","0.00","53.48","53.80","38.46","45.147B","844","193"
"12:37:00","10:08:00","54.99","53.48","0.00","0.00","0.00","53.48","53.80","38.46","45.147B","844","193"
"12:37:00","10:09:00","55.00","53.48","0.00","0.00","0.00","53.48","53.80","38.46","45.147B","844","193"
"12:37:00","10:10:00","54.97","53.48","0.00","0.00","0.00","53.48","53.80","38.46","45.147B","844","193"
"12:37:00","10:13:00","55.00","53.48","0.00","0.00","0.00","53.48","53.80","38.46","45.147B","844","193"
"12:37:00","10:14:00","55.00","53.48","0.00","0.00","0.00","53.48","53.80","38.46","45.147B","844","193"
"12:37:00","10:15:00","55.03","53.48","0.00","0.00","0.00","53.48","53.80","38.46","45.147B","844","193"
"12:37:00","10:16:00","55.10","53.48","0.00","0.00","0.00","53.48","53.80","38.46","45.147B","844","193"
"12:37:00","10:17:00","55.15","53.48","0.00","0.00","0.00","53.48","53.80","38.46","45.147B","844","193"
"12:37:00","10:18:00","55.27","53.48","0.00","0.00","0.00","53.48","53.80","38.46","45.147B","844","193"
"12:37:00","10:19:00","55.25","53.48","0.00","0.00","0.00","53.48","53.80","38.46","45.147B","844","193"
"12:37:00","10:20:00","55.25","53.48","0.00","0.00","0.00","53.48","53.80","38.46","45.147B","844","193"
"12:37:00","10:21:00","55.27","53.48","0.00","0.00","0.00","53.48","53.80","38.46","45.147B","844","193"
"12:37:00","10:22:00","55.23","53.48","0.00","0.00","0.00","53.48","53.80","38.46","45.147B","844","193"
"12:37:00","10:24:00","55.22","53.48","0.00","0.00","0.00","53.48","53.80","38.46","45.147B","844","193"
"12:37:00","10:25:00","55.22","53.48","0.00","0.00","0.00","53.48","53.80","38.46","45.147B","844","193"
"12:37:00","10:26:00","55.21","53.48","0.00","0.00","0.00","53.48","53.80","38.46","45.147B","844","193"
"12:37:00","10:27:00","55.17","53.48","0.00","0.00","0.00","53.48","53.80","38.46","45.147B","844","193"
"12:37:00","10:29:00","55.22","53.48","0.00","0.00","0.00","53.48","53.80","38.46","45.147B","844","193"
"12:37:00","10:30:00","55.20","53.48","0.00","0.00","0.00","53.48","53.80","38.46","45.147B","844","193"
"12:37:00","10:31:00","55.20","53.48","0.00","0.00","0.00","53.48","53.80","38.46","45.147B","844","193"
"12:37:00","10:32:00","55.20","53.48","0.00","0.00","0.00","53.48","53.80","38.46","45.147B","844","193"
"12:37:00","10:33:00","55.19","53.48","0.00","0.00","0.00","53.48","53.80","38.46","45.147B","844","193"
"12:37:00","10:34:00","55.21","53.48","0.00","0.00","0.00","53.48","53.80","38.46","45.147B","844","193"
"12:37:00","10:36:00","55.21","53.48","0.00","0.00","0.00","53.48","53.80","38.46","45.147B","844","193"
"12:37:00","10:37:00","55.19","53.48","0.00","0.00","0.00","53.48","53.80","38.46","45.147B","844","193"
"12:37:00","10:38:00","55.21","53.48","0.00","0.00","0.00","53.48","53.80","38.46","45.147B","844","193"
"12:37:00","10:39:00","55.24","53.48","0.00","0.00","0.00","53.48","53.80","38.46","45.147B","844","193"
"12:37:00","10:40:00","55.24","53.48","0.00","0.00","0.00","53.48","53.80","38.46","45.147B","844","193"
"12:37:00","10:41:00","55.25","53.48","0.00","0.00","0.00","53.48","53.80","38.46","45.147B","844","193"
"12:37:00","10:42:00","55.22","53.48","0.00","0.00","0.00","53.48","53.80","38.46","45.147B","844","193"
"12:37:00","10:43:00","55.18","53.48","0.00","0.00","0.00","53.48","53.80","38.46","45.147B","844","193"
"12:37:00","10:44:00","55.20","53.48","0.00","0.00","0.00","53.48","53.80","38.46","45.147B","844","193"
"12:37:00","10:45:00","55.27","53.48","0.00","0.00","0.00","53.48","53.80","38.46","45.147B","844","193"
"12:37:00","10:46:00","55.27","53.48","0.00","0.00","0.00","53.48","53.80","38.46","45.147B","844","193"
"12:37:00","10:47:00","55.29","53.48","0.00","0.00","0.00","53.48","53.80","38.46","45.147B","844","193"
"12:37:00","10:48:00","55.31","53.48","0.00","0.00","0.00","53.48","53.80","38.46","45.147B","844","193"
"12:37:00","10:50:00","55.30","53.48","0.00","0.00","0.00","53.48","53.80","38.46","45.147B","844","193"
"12:37:00","10:51:00","55.25","53.48","0.00","0.00","0.00","53.48","53.80","38.46","45.147B","844","193"
"12:37:00","10:52:00","55.25","53.48","0.00","0.00","0.00","53.48","53.80","38.46","45.147B","844","193"
"12:37:00","10:53:00","55.25","53.48","0.00","0.00","0.00","53.48","53.80","38.46","45.147B","844","193"
"12:37:00","10:54:00","55.25","53.48","0.00","0.00","0.00","53.48","53.80","38.46","45.147B","844","193"
"12:37:00","10:55:00","55.26","53.48","0.00","0.00","0.00","53.48","53.80","38.46","45.147B","844","193"
"12:37:00","10:56:00","55.37","53.48","0.00","0.00","0.00","53.48","53.80","38.46","45.147B","844","193"
"12:37:00","10:57:00","55.44","53.48","0.00","0.00","0.00","53.48","53.80","38.46","45.147B","844","193"
"12:37:00","10:58:00","55.45","53.48","0.00","0.00","0.00","53.48","53.80","38.46","45.147B","844","193"
"12:37:00","10:59:00","56.91","53.48","0.00","0.00","0.00","53.48","53.80","38.46","45.147B","844","193"
"12:37:00","11:01:00","55.52","53.48","0.00","0.00","0.00","53.48","53.80","38.46","45.147B","844","193"
"12:37:00","11:02:00","55.53","53.48","0.00","0.00","0.00","53.48","53.80","38.46","45.147B","844","193"
"12:37:00","11:04:00","55.58","53.48","0.00","0.00","0.00","53.48","53.80","38.46","45.147B","844","193"
"12:37:00","11:05:00","55.56","53.48","0.00","0.00","0.00","53.48","53.80","38.46","45.147B","844","193"
"12:37:00","11:06:00","55.50","53.48","0.00","0.00","0.00","53.48","53.80","38.46","45.147B","844","193"
"12:37:00","11:07:00","55.44","53.48","0.00","0.00","0.00","53.48","53.80","38.46","45.147B","844","193"
"12:37:00","11:08:00","55.43","53.48","0.00","0.00","0.00","53.48","53.80","38.46","45.147B","844","193"
"12:37:00","11:09:00","55.42","53.48","0.00","0.00","0.00","53.48","53.80","38.46","45.147B","844","193"
"12:37:00","11:10:00","55.45","53.48","0.00","0.00","0.00","53.48","53.80","38.46","45.147B","844","193"
"12:37:00","11:11:00","55.43","53.48","0.00","0.00","0.00","53.48","53.80","38.46","45.147B","844","193"
"12:37:00","11:12:00","55.43","53.48","0.00","0.00","0.00","53.48","53.80","38.46","45.147B","844","193"
"12:37:00","11:13:00","55.40","53.48","0.00","0.00","0.00","53.48","53.80","38.46","45.147B","844","193"
"12:37:00","11:14:00","67.86","53.48","0.00","0.00","0.00","53.48","53.80","38.46","45.147B","844","193"
"12:37:00","11:15:00","55.42","53.48","0.00","0.00","0.00","53.48","53.80","38.46","45.147B","844","193"
"12:37:00","11:16:00","55.41","53.48","0.00","0.00","0.00","53.48","53.80","38.46","45.147B","844","193"
"12:37:00","11:17:00","55.41","53.48","0.00","0.00","0.00","53.48","53.80","38.46","45.147B","844","193"
"12:37:00","11:19:00","55.41","53.48","0.00","0.00","0.00","53.48","53.80","38.46","45.147B","844","193"
"12:37:00","11:20:00","55.42","53.48","0.00","0.00","0.00","53.48","53.80","38.46","45.147B","844","193"
"12:37:00","11:21:00","55.41","53.48","0.00","0.00","0.00","53.48","53.80","38.46","45.147B","844","193"
"12:37:00","11:22:00","55.42","53.48","0.00","0.00","0.00","53.48","53.80","38.46","45.147B","844","193"
"12:37:00","11:23:00","55.41","53.48","0.00","0.00","0.00","53.48","53.80","38.46","45.147B","844","193"
"12:37:00","11:24:00","55.46","53.48","0.00","0.00","0.00","53.48","53.80","38.46","45.147B","844","193"
"12:37:00","11:26:00","55.48","53.48","0.00","0.00","0.00","53.48","53.80","38.46","45.147B","844","193"
"12:37:00","11:27:00","55.44","53.48","0.00","0.00","0.00","53.48","53.80","38.46","45.147B","844","193"
"12:37:00","11:28:00","55.48","53.48","0.00","0.00","0.00","53.48","53.80","38.46","45.147B","844","193"
"12:37:00","11:29:00","55.43","53.48","0.00","0.00","0.00","53.48","53.80","38.46","45.147B","844","193"
"12:37:00","11:30:00","55.43","53.48","0.00","0.00","0.00","53.48","53.80","38.46","45.147B","844","193"
"12:37:00","11:32:00","55.48","53.48","0.00","0.00","0.00","53.48","53.80","38.46","45.147B","844","193"
"12:37:00","11:33:00","55.49","53.48","0.00","0.00","0.00","53.48","53.80","38.46","45.147B","844","193"
"12:37:00","11:34:00","55.54","53.48","0.00","0.00","0.00","53.48","53.80","38.46","45.147B","844","193"
"12:37:00","11:36:00","55.51","53.48","0.00","0.00","0.00","53.48","53.80","38.46","45.147B","844","193"
"12:37:00","11:37:00","55.52","53.48","0.00","0.00","0.00","53.48","53.80","38.46","45.147B","844","193"
"12:37:00","11:38:00","55.52","53.48","0.00","0.00","0.00","53.48","53.80","38.46","45.147B","844","193"
"12:37:00","11:39:00","55.55","53.48","0.00","0.00","0.00","53.48","53.80","38.46","45.147B","844","193"
"12:37:00","11:41:00","55.58","53.48","0.00","0.00","0.00","53.48","53.80","38.46","45.147B","844","193"
"12:37:00","11:42:00","55.56","53.48","0.00","0.00","0.00","53.48","53.80","38.46","45.147B","844","193"
"12:37:00","11:43:00","55.58","53.48","0.00","0.00","0.00","53.48","53.80","38.46","45.147B","844","193"
"12:37:00","11:44:00","55.59","53.48","0.00","0.00","0.00","53.48","53.80","38.46","45.147B","844","193"
"12:37:00","11:45:00","55.59","53.48","0.00","0.00","0.00","53.48","53.80","38.46","45.147B","844","193"
"12:37:00","11:47:00","55.62","53.48","0.00","0.00","0.00","53.48","53.80","38.46","45.147B","844","193"
"12:37:00","11:48:00","55.61","53.48","0.00","0.00","0.00","53.48","53.80","38.46","45.147B","844","193"
"12:37:00","11:49:00","55.57","53.48","0.00","0.00","0.00","53.48","53.80","38.46","45.147B","844","193"
"12:37:00","11:51:00","55.56","53.48","0.00","0.00","0.00","53.48","53.80","38.46","45.147B","844","193"
"12:37:00","11:52:00","55.53","53.48","0.00","0.00","0.00","53.48","53.80","38.46","45.147B","844","193"
"12:37:00","11:53:00","55.56","53.48","0.00","0.00","0.00","53.48","53.80","38.46","45.147B","844","193"
"12:37:00","11:54:00","55.56","53.48","0.00","0.00","0.00","53.48","53.80","38.46","45.147B","844","193"
"12:37:00","11:55:00","55.56","53.48","0.00","0.00","0.00","53.48","53.80","38.46","45.147B","844","193"
"12:37:00","11:56:00","55.54","53.48","0.00","0.00","0.00","53.48","53.80","38.46","45.147B","844","193"
"12:37:00","11:57:00","55.55","53.48","0.00","0.00","0.00","53.48","53.80","38.46","45.147B","844","193"
"12:37:00","11:58:00","55.54","53.48","0.00","0.00","0.00","53.48","53.80","38.46","45.147B","844","193"
"12:37:00","11:59:00","55.53","53.48","0.00","0.00","0.00","53.48","53.80","38.46","45.147B","844","193"
"12:37:00","12:01:00","55.56","53.48","0.00","0.00","0.00","53.48","53.80","38.46","45.147B","844","193"
"12:37:00","12:02:00","55.56","53.48","0.00","0.00","0.00","53.48","53.80","38.46","45.147B","844","193"
"12:37:00","12:03:00","55.52","53.48","0.00","0.00","0.00","53.48","53.80","38.46","45.147B","844","193"
"12:37:00","12:04:00","55.53","53.48","0.00","0.00","0.00","53.48","53.80","38.46","45.147B","844","193"
"12:37:00","12:06:00","55.51","53.48","0.00","0.00","0.00","53.48","53.80","38.46","45.147B","844","193"
"12:37:00","12:07:00","55.50","53.48","0.00","0.00","0.00","53.48","53.80","38.46","45.147B","844","193"
"12:37:00","12:08:00","55.48","53.48","0.00","0.00","0.00","53.48","53.80","38.46","45.147B","844","193"
"12:37:00","12:09:00","55.44","53.48","0.00","0.00","0.00","53.48","53.80","38.46","45.147B","844","193"
"12:37:00","12:11:00","55.43","53.48","0.00","0.00","0.00","53.48","53.80","38.46","45.147B","844","193"
"12:37:00","12:12:00","55.42","53.48","0.00","0.00","0.00","53.48","53.80","38.46","45.147B","844","193"
"12:37:00","12:13:00","55.41","53.48","0.00","0.00","0.00","53.48","53.80","38.46","45.147B","844","193"
"12:37:00","12:14:00","55.35","53.48","0.00","0.00","0.00","53.48","53.80","38.46","45.147B","844","193"
"12:37:00","12:15:00","55.36","53.48","0.00","0.00","0.00","53.48","53.80","38.46","45.147B","844","193"
"12:37:00","12:16:00","55.37","53.48","0.00","0.00","0.00","53.48","53.80","38.46","45.147B","844","193"
"12:37:00","12:17:00","55.41","53.48","0.00","0.00","0.00","53.48","53.80","38.46","45.147B","844","193"
"12:37:00","12:18:00","55.45","53.48","0.00","0.00","0.00","53.48","53.80","38.46","45.147B","844","193"
"12:37:00","12:19:00","55.46","53.48","0.00","0.00","0.00","53.48","53.80","38.46","45.147B","844","193"
"12:37:00","12:20:00","55.42","53.48","0.00","0.00","0.00","53.48","53.80","38.46","45.147B","844","193"
"12:37:00","12:21:00","55.47","53.48","0.00","0.00","0.00","53.48","53.80","38.46","45.147B","844","193"
"12:37:00","12:22:00","55.46","53.48","0.00","0.00","0.00","53.48","53.80","38.46","45.147B","844","193"
"12:37:00","12:23:00","55.44","53.48","0.00","0.00","0.00","53.48","53.80","38.46","45.147B","844","193"
"12:37:00","12:24:00","55.48","53.48","0.00","0.00","0.00","53.48","53.80","38.46","45.147B","844","193"
"12:37:00","12:25:00","55.50","53.48","0.00","0.00","0.00","53.48","53.80","38.46","45.147B","844","193"
"12:37:00","12:26:00","55.50","53.48","0.00","0.00","0.00","53.48","53.80","38.46","45.147B","844","193"
"12:37:00","12:27:00","55.50","53.48","0.00","0.00","0.00","53.48","53.80","38.46","45.147B","844","193"
"12:37:00","12:28:00","55.48","53.48","0.00","0.00","0.00","53.48","53.80","38.46","45.147B","844","193"
"12:37:00","12:29:00","55.48","53.48","0.00","0.00","0.00","53.48","53.80","38.46","45.147B","844","193"
"12:37:00","12:30:00","55.44","53.48","0.00","0.00","0.00","53.48","53.80","38.46","45.147B","844","193"
"12:37:00","12:33:00","55.47","53.48","0.00","0.00","0.00","53.48","53.80","38.46","45.147B","844","193"
"12:37:00","12:34:00","55.45","53.48","0.00","0.00","0.00","53.48","53.80","38.46","45.147B","844","193"
"12:37:00","12:35:00","55.41","53.48","0.00","0.00","0.00","53.48","53.80","38.46","45.147B","844","193"
"12:37:00","12:36:00","55.40","53.48","0.00","0.00","0.00","53.48","53.80","38.46","45.147B","844","193"
"12:37:00","12:37:00","55.41","53.48","0.00","0.00","0.00","53.48","53.80","38.46","45.147B","844","193"
"12:37:00","12:38:00","55.41","53.48","0.00","0.00","0.00","53.48","53.80","38.46","45.147B","844","193"
"12:37:00","12:39:00","55.41","53.48","0.00","0.00","0.00","53.48","53.80","38.46","45.147B","844","193"
"12:37:00","12:40:00","55.35","53.48","0.00","0.00","0.00","53.48","53.80","38.46","45.147B","844","193"
"12:37:00","12:42:00","55.35","53.48","0.00","0.00","0.00","53.48","53.80","38.46","45.147B","844","193"
"12:37:00","12:43:00","55.36","53.48","0.00","0.00","0.00","53.48","53.80","38.46","45.147B","844","193"
"12:37:00","12:44:00","55.42","53.48","0.00","0.00","0.00","53.48","53.80","38.46","45.147B","844","193"
"12:37:00","12:46:00","55.43","53.48","0.00","0.00","0.00","53.48","53.80","38.46","45.147B","844","193"
"12:37:00","12:47:00","55.43","53.48","0.00","0.00","0.00","53.48","53.80","38.46","45.147B","844","193"
"12:37:00","12:48:00","55.47","53.48","0.00","0.00","0.00","53.48","53.80","38.46","45.147B","844","193"
"12:37:00","12:49:00","55.47","53.48","0.00","0.00","0.00","53.48","53.80","38.46","45.147B","844","193"
"12:37:00","12:50:00","55.43","53.48","0.00","0.00","0.00","53.48","53.80","38.46","45.147B","844","193"
"12:37:00","12:51:00","55.42","53.48","0.00","0.00","0.00","53.48","53.80","38.46","45.147B","844","193"
"12:37:00","12:52:00","55.45","53.48","0.00","0.00","0.00","53.48","53.80","38.46","45.147B","844","193"
"12:37:00","12:53:00","55.44","53.48","0.00","0.00","0.00","53.48","53.80","38.46","45.147B","844","193"
"12:37:00","12:54:00","55.45","53.48","0.00","0.00","0.00","53.48","53.80","38.46","45.147B","844","193"
"12:37:00","12:55:00","55.45","53.48","0.00","0.00","0.00","53.48","53.80","38.46","45.147B","844","193"
"12:37:00","12:56:00","55.47","53.48","0.00","0.00","0.00","53.48","53.80","38.46","45.147B","844","193"
"12:37:00","12:57:00","55.53","53.48","0.00","0.00","0.00","53.48","53.80","38.46","45.147B","844","193"
"12:37:00","12:58:00","55.53","53.48","0.00","0.00","0.00","53.48","53.80","38.46","45.147B","844","193"
"12:37:00","12:59:00","55.54","53.48","0.00","0.00","0.00","53.48","53.80","38.46","45.147B","844","193"
