"12:40:00","01:00:00","21.44","21.40","21.30","21.30","21.45","21.44","22.46","20.65","N/A","0","100809"
"12:46:00","01:02:00","21.44","21.40","21.30","21.30","21.45","21.44","22.46","20.65","N/A","0","104909"
"12:46:00","01:03:00","21.44","21.40","21.30","21.30","21.45","21.44","22.46","20.65","N/A","0","104909"
"12:49:00","01:04:00","21.44","21.40","21.30","21.30","21.45","21.42","22.46","20.65","N/A","0","105069"
"12:49:00","01:05:00","21.44","21.40","21.30","21.30","21.45","21.42","22.46","20.65","N/A","0","105069"
"12:51:00","01:06:00","21.44","21.40","21.30","21.30","21.45","21.44","22.46","20.65","N/A","0","105469"
"12:52:00","01:07:00","21.44","21.40","21.30","21.30","21.45","21.44","22.46","20.65","N/A","0","105744"
"12:53:00","01:08:00","21.44","21.40","21.30","21.30","21.45","21.44","22.46","20.65","N/A","0","107344"
"12:53:00","01:10:00","21.44","21.40","21.30","21.30","21.45","21.44","22.46","20.65","N/A","0","107344"
"12:53:00","01:11:00","21.44","21.40","21.30","21.30","21.45","21.44","22.46","20.65","N/A","0","107344"
"12:53:00","01:12:00","21.44","21.40","21.30","21.30","21.45","21.44","22.46","20.65","N/A","0","107344"
"12:53:00","01:13:00","21.44","21.40","21.30","21.30","21.45","21.44","22.46","20.65","N/A","0","107344"
"12:53:00","01:14:00","21.44","21.40","21.30","21.30","21.45","21.44","22.46","20.65","N/A","0","107403"
"12:59:00","01:16:00","21.46","21.40","21.30","21.30","21.47","21.47","22.46","20.65","N/A","0","110144"
"12:59:00","01:17:00","21.46","21.40","21.30","21.30","21.47","21.47","22.46","20.65","N/A","0","110144"
"01:02:00","01:18:00","21.46","21.40","21.30","21.30","21.47","21.43","22.46","20.65","N/A","0","110767"
"01:03:00","01:19:00","21.46","21.40","21.30","21.30","21.47","21.46","22.46","20.65","N/A","0","111628"
"01:05:00","01:20:00","21.46","21.40","21.30","21.30","21.47","21.45","22.46","20.65","N/A","0","113416"
"01:05:00","01:21:00","21.46","21.40","21.30","21.30","21.47","21.45","22.46","20.65","N/A","0","113416"
"01:07:00","01:22:00","21.46","21.40","21.30","21.30","21.47","21.45","22.46","20.65","N/A","0","115966"
"01:07:00","01:23:00","21.46","21.40","21.30","21.30","21.47","21.45","22.46","20.65","N/A","0","115966"
"01:08:00","01:24:00","21.46","21.40","21.30","21.30","21.47","21.43","22.46","20.65","N/A","0","116466"
"01:10:00","01:25:00","21.46","21.40","21.30","21.30","21.47","21.46","22.46","20.65","N/A","0","117061"
"01:11:00","01:26:00","21.46","21.40","21.30","21.30","21.47","21.46","22.46","20.65","N/A","0","117414"
"01:12:00","01:27:00","21.46","21.40","21.30","21.30","21.47","21.45","22.46","20.65","N/A","0","117714"
"01:12:00","01:28:00","21.46","21.40","21.30","21.30","21.47","21.45","22.46","20.65","N/A","0","117719"
"01:12:00","01:29:00","21.46","21.40","21.30","21.30","21.47","21.45","22.46","20.65","N/A","0","117719"
"01:15:00","01:30:00","21.46","21.40","21.30","21.30","21.47","21.45","22.46","20.65","N/A","0","119132"
"01:15:00","01:31:00","21.46","21.40","21.30","21.30","21.47","21.45","22.46","20.65","N/A","0","119136"
"01:17:00","01:33:00","21.46","21.40","21.30","21.30","21.47","21.45","22.46","20.65","N/A","0","120050"
"01:17:00","01:34:00","21.46","21.40","21.30","21.30","21.47","21.45","22.46","20.65","N/A","0","120050"
"01:17:00","01:35:00","21.46","21.40","21.30","21.30","21.47","21.45","22.46","20.65","N/A","0","120050"
"01:21:00","01:36:00","21.46","21.40","21.30","21.30","21.47","21.46","22.46","20.65","N/A","0","120161"
"01:21:00","01:37:00","21.46","21.40","21.30","21.30","21.47","21.46","22.46","20.65","N/A","0","120161"
"01:21:00","01:38:00","21.47","21.40","21.30","21.30","21.47","21.46","22.46","20.65","N/A","0","120161"
"01:23:00","01:39:00","21.47","21.40","21.30","21.30","21.47","21.47","22.46","20.65","N/A","0","120701"
"01:23:00","01:40:00","21.46","21.40","21.30","21.30","21.47","21.47","22.46","20.65","N/A","0","120701"
"01:23:00","01:41:00","21.46","21.40","21.30","21.30","21.47","21.47","22.46","20.65","N/A","0","120734"
"01:23:00","01:42:00","21.46","21.40","21.30","21.30","21.47","21.47","22.46","20.65","N/A","0","120827"
"01:23:00","01:43:00","21.46","21.40","21.30","21.30","21.47","21.47","22.46","20.65","N/A","0","120827"
"01:23:00","01:44:00","21.47","21.40","21.30","21.30","21.47","21.47","22.46","20.65","N/A","0","120827"
"01:30:00","01:45:00","21.47","21.40","21.30","21.30","21.47","21.47","22.46","20.65","N/A","0","121327"
"01:30:00","01:46:00","21.47","21.40","21.30","21.30","21.47","21.47","22.46","20.65","N/A","0","121327"
"01:30:00","01:47:00","21.47","21.40","21.30","21.30","21.47","21.47","22.46","20.65","N/A","0","121327"
"01:30:00","01:48:00","21.47","21.40","21.30","21.30","21.47","21.47","22.46","20.65","N/A","0","121332"
"01:30:00","01:49:00","21.47","21.40","21.30","21.30","21.47","21.47","22.46","20.65","N/A","0","121332"
"01:34:00","01:50:00","21.47","21.40","21.30","21.30","21.47","21.47","22.46","20.65","N/A","0","121782"
"01:34:00","01:52:00","21.47","21.40","21.30","21.30","21.47","21.47","22.46","20.65","N/A","0","121782"
"01:34:00","01:54:00","21.47","21.40","21.30","21.30","21.47","21.47","22.46","20.65","N/A","0","121782"
"01:34:00","01:55:00","21.46","21.40","21.30","21.30","21.47","21.47","22.46","20.65","N/A","0","121782"
"01:34:00","01:56:00","21.46","21.40","21.30","21.30","21.47","21.47","22.46","20.65","N/A","0","121782"
"01:34:00","01:57:00","21.46","21.40","21.30","21.30","21.47","21.47","22.46","20.65","N/A","0","121782"
"01:34:00","01:58:00","21.46","21.40","21.30","21.30","21.47","21.47","22.46","20.65","N/A","0","121782"
"01:34:00","01:59:00","21.46","21.40","21.30","21.30","21.47","21.47","22.46","20.65","N/A","0","121782"
"01:34:00","02:00:00","21.46","21.40","21.30","21.30","21.47","21.47","22.46","20.65","N/A","0","121782"
"01:46:00","02:01:00","21.46","21.40","21.30","21.30","21.47","21.44","22.46","20.65","N/A","0","122005"
"01:46:00","02:02:00","21.46","21.40","21.30","21.30","21.47","21.44","22.46","20.65","N/A","0","122078"
"01:48:00","02:03:00","21.46","21.40","21.30","21.30","21.47","21.45","22.46","20.65","N/A","0","122808"
"01:48:00","02:04:00","21.46","21.40","21.30","21.30","21.47","21.45","22.46","20.65","N/A","0","122808"
"01:50:00","02:05:00","21.46","21.40","21.30","21.30","21.47","21.45","22.46","20.65","N/A","0","123316"
"01:50:00","02:06:00","21.46","21.40","21.30","21.30","21.47","21.45","22.46","20.65","N/A","0","123316"
"01:52:00","02:07:00","21.47","21.40","21.30","21.30","21.47","21.46","22.46","20.65","N/A","0","123462"
"01:52:00","02:08:00","21.47","21.40","21.30","21.30","21.47","21.46","22.46","20.65","N/A","0","123462"
"01:54:00","02:09:00","21.47","21.40","21.30","21.30","21.47","21.45","22.46","20.65","N/A","0","125225"
"01:55:00","02:10:00","21.47","21.40","21.30","21.30","21.47","21.45","22.46","20.65","N/A","0","125493"
"01:55:00","02:11:00","21.46","21.40","21.30","21.30","21.47","21.45","22.46","20.65","N/A","0","125493"
"01:57:00","02:13:00","21.47","21.40","21.30","21.30","21.47","21.46","22.46","20.65","N/A","0","125661"
"01:59:00","02:14:00","21.47","21.40","21.30","21.30","21.47","21.45","22.46","20.65","N/A","0","126311"
"01:59:00","02:16:00","21.46","21.40","21.30","21.30","21.47","21.46","22.46","20.65","N/A","0","126675"
"02:03:00","02:18:00","21.46","21.40","21.30","21.30","21.47","21.46","22.46","20.65","N/A","0","129501"
"02:04:00","02:19:00","21.46","21.40","21.30","21.30","21.47","21.45","22.46","20.65","N/A","0","129621"
"02:05:00","02:20:00","21.46","21.40","21.30","21.30","21.47","21.46","22.46","20.65","N/A","0","131471"
"02:06:00","02:22:00","21.46","21.40","21.30","21.30","21.47","21.45","22.46","20.65","N/A","0","131881"
"02:06:00","02:23:00","21.46","21.40","21.30","21.30","21.47","21.45","22.46","20.65","N/A","0","131881"
"02:08:00","02:24:00","21.47","21.40","21.30","21.30","21.47","21.46","22.46","20.65","N/A","0","132134"
"02:10:00","02:26:00","21.48","21.40","21.30","21.30","21.48","21.48","22.46","20.65","N/A","0","133527"
"02:10:00","02:27:00","21.48","21.40","21.30","21.30","21.48","21.48","22.46","20.65","N/A","0","133527"
"02:16:00","02:31:00","21.48","21.40","21.30","21.30","21.48","21.47","22.46","20.65","N/A","0","177072"
"02:18:00","02:34:00","21.48","21.40","21.30","21.30","21.48","21.47","22.46","20.65","N/A","0","180156"
"02:19:00","02:35:00","21.48","21.40","21.30","21.30","21.48","21.47","22.46","20.65","N/A","0","180368"
"02:19:00","02:36:00","21.48","21.40","21.30","21.30","21.48","21.47","22.46","20.65","N/A","0","180368"
"02:19:00","02:37:00","21.48","21.40","21.30","21.30","21.48","21.47","22.46","20.65","N/A","0","180368"
"02:23:00","02:38:00","21.48","21.40","21.30","21.30","21.48","21.48","22.46","20.65","N/A","0","180834"
"02:23:00","02:40:00","21.48","21.40","21.30","21.30","21.48","21.48","22.46","20.65","N/A","0","180954"
"02:26:00","02:42:00","21.48","21.40","21.30","21.30","21.48","21.48","22.46","20.65","N/A","0","201104"
"02:26:00","02:43:00","21.48","21.40","21.30","21.30","21.48","21.48","22.46","20.65","N/A","0","201106"
"02:26:00","02:44:00","21.47","21.40","21.30","21.30","21.48","21.48","22.46","20.65","N/A","0","201106"
"02:29:00","02:46:00","21.48","21.40","21.30","21.30","21.48","21.48","22.46","20.65","N/A","0","201587"
"02:31:00","02:47:00","21.48","21.40","21.30","21.30","21.48","21.48","22.46","20.65","N/A","0","213765"
"02:33:00","02:49:00","21.47","21.40","21.30","21.30","21.48","21.45","22.46","20.65","N/A","0","216019"
"02:33:00","02:50:00","21.47","21.40","21.30","21.30","21.48","21.45","22.46","20.65","N/A","0","216041"
"02:33:00","02:51:00","21.47","21.40","21.30","21.30","21.48","21.45","22.46","20.65","N/A","0","216041"
"02:37:00","02:52:00","21.47","21.40","21.30","21.30","21.48","21.46","22.46","20.65","N/A","0","221641"
"02:37:00","02:53:00","21.47","21.40","21.30","21.30","21.48","21.46","22.46","20.65","N/A","0","221641"
"02:39:00","02:54:00","21.46","21.40","21.30","21.30","21.48","21.46","22.46","20.65","N/A","0","225041"
"02:40:00","02:55:00","21.46","21.40","21.30","21.30","21.48","21.47","22.46","20.65","N/A","0","225676"
"02:41:00","02:56:00","21.46","21.40","21.30","21.30","21.48","21.47","22.46","20.65","N/A","0","225908"
"02:42:00","02:57:00","21.46","21.40","21.30","21.30","21.48","21.47","22.46","20.65","N/A","0","231280"
"02:42:00","02:59:00","21.47","21.40","21.30","21.30","21.48","21.47","22.46","20.65","N/A","0","231304"
"02:45:00","03:00:00","21.47","21.40","21.30","21.30","21.48","21.47","22.46","20.65","N/A","0","232451"
"02:47:00","03:02:00","21.47","21.40","21.30","21.30","21.48","21.46","22.46","20.65","N/A","0","233084"
"02:47:00","03:03:00","21.47","21.40","21.30","21.30","21.48","21.47","22.46","20.65","N/A","0","233584"
"02:49:00","03:04:00","21.47","21.40","21.30","21.30","21.48","21.47","22.46","20.65","N/A","0","235309"
"02:49:00","03:06:00","21.47","21.40","21.30","21.30","21.48","21.47","22.46","20.65","N/A","0","235309"
"02:49:00","03:07:00","21.47","21.40","21.30","21.30","21.48","21.47","22.46","20.65","N/A","0","235309"
"02:49:00","03:08:00","21.47","21.40","21.30","21.30","21.48","21.47","22.46","20.65","N/A","0","235309"
"02:49:00","03:09:00","21.47","21.40","21.30","21.30","21.48","21.47","22.46","20.65","N/A","0","235309"
"02:55:00","03:10:00","21.47","21.40","21.30","21.30","21.48","21.46","22.46","20.65","N/A","0","236528"
"02:55:00","03:11:00","21.47","21.40","21.30","21.30","21.48","21.46","22.46","20.65","N/A","0","236528"
"02:57:00","03:12:00","21.47","21.40","21.30","21.30","21.48","21.47","22.46","20.65","N/A","0","245157"
"02:58:00","03:13:00","21.47","21.40","21.30","21.30","21.48","21.47","22.46","20.65","N/A","0","247213"
"02:58:00","03:15:00","21.47","21.40","21.30","21.30","21.48","21.47","22.46","20.65","N/A","0","247213"
"02:58:00","03:16:00","21.47","21.40","21.30","21.30","21.48","21.47","22.46","20.65","N/A","0","247213"
"02:58:00","03:17:00","21.47","21.40","21.30","21.30","21.48","21.47","22.46","20.65","N/A","0","247213"
"02:58:00","03:18:00","21.47","21.40","21.30","21.30","21.48","21.47","22.46","20.65","N/A","0","247213"
"03:03:00","03:19:00","21.47","21.40","21.30","21.30","21.48","21.47","22.46","20.65","N/A","0","247613"
"03:04:00","03:20:00","21.47","21.40","21.30","21.30","21.48","21.46","22.46","20.65","N/A","0","248248"
"03:04:00","03:21:00","21.47","21.40","21.30","21.30","21.48","21.46","22.46","20.65","N/A","0","248248"
"03:04:00","03:22:00","21.47","21.40","21.30","21.30","21.48","21.46","22.46","20.65","N/A","0","248348"
"03:08:00","03:23:00","21.47","21.40","21.30","21.30","21.48","21.46","22.46","20.65","N/A","0","254243"
"03:09:00","03:24:00","21.46","21.40","21.30","21.30","21.48","21.45","22.46","20.65","N/A","0","255017"
"03:09:00","03:25:00","21.46","21.40","21.30","21.30","21.48","21.46","22.46","20.65","N/A","0","255166"
"03:11:00","03:26:00","21.46","21.40","21.30","21.30","21.48","21.46","22.46","20.65","N/A","0","258419"
"03:12:00","03:28:00","21.46","21.40","21.30","21.30","21.48","21.46","22.46","20.65","N/A","0","258881"
"03:13:00","03:29:00","21.46","21.40","21.30","21.30","21.48","21.46","22.46","20.65","N/A","0","259281"
"03:14:00","03:30:00","21.45","21.40","21.30","21.30","21.48","21.46","22.46","20.65","N/A","0","262193"
"03:14:00","03:31:00","21.45","21.40","21.30","21.30","21.48","21.46","22.46","20.65","N/A","0","262193"
"03:14:00","03:32:00","21.45","21.40","21.30","21.30","21.48","21.46","22.46","20.65","N/A","0","262193"
"03:18:00","03:33:00","21.45","21.40","21.30","21.30","21.48","21.46","22.46","20.65","N/A","0","263568"
"03:19:00","03:34:00","21.45","21.40","21.30","21.30","21.48","21.46","22.46","20.65","N/A","0","264973"
"03:19:00","03:36:00","21.46","21.40","21.30","21.30","21.48","21.46","22.46","20.65","N/A","0","265993"
"03:21:00","03:37:00","21.46","21.40","21.30","21.30","21.48","21.44","22.46","20.65","N/A","0","266996"
"03:22:00","03:38:00","21.46","21.40","21.30","21.30","21.48","21.45","22.46","20.65","N/A","0","267396"
"03:22:00","03:39:00","21.46","21.40","21.30","21.30","21.48","21.45","22.46","20.65","N/A","0","267396"
"03:25:00","03:40:00","21.46","21.40","21.30","21.30","21.48","21.46","22.46","20.65","N/A","0","270396"
"03:25:00","03:41:00","21.46","21.40","21.30","21.30","21.48","21.46","22.46","20.65","N/A","0","271796"
"03:27:00","03:42:00","21.46","21.40","21.30","21.30","21.48","21.45","22.46","20.65","N/A","0","273802"
"03:28:00","03:44:00","21.46","21.40","21.30","21.30","21.48","21.46","22.46","20.65","N/A","0","274802"
"03:30:00","03:45:00","21.46","21.40","21.30","21.30","21.48","21.45","22.46","20.65","N/A","0","276938"
"03:31:00","03:46:00","21.46","21.40","21.30","21.30","21.48","21.46","22.46","20.65","N/A","0","278682"
"03:32:00","03:47:00","21.46","21.40","21.30","21.30","21.48","21.45","22.46","20.65","N/A","0","279882"
"03:32:00","03:48:00","21.46","21.40","21.30","21.30","21.48","21.45","22.46","20.65","N/A","0","279882"
"03:34:00","03:49:00","21.46","21.40","21.30","21.30","21.48","21.46","22.46","20.65","N/A","0","279982"
"03:34:00","03:50:00","21.46","21.40","21.30","21.30","21.48","21.46","22.46","20.65","N/A","0","279982"
"03:36:00","03:51:00","21.46","21.40","21.30","21.30","21.48","21.46","22.46","20.65","N/A","0","280212"
"03:37:00","03:52:00","21.46","21.40","21.30","21.30","21.48","21.46","22.46","20.65","N/A","0","280912"
"03:38:00","03:53:00","21.46","21.40","21.30","21.30","21.48","21.46","22.46","20.65","N/A","0","281442"
"03:38:00","03:54:00","21.46","21.40","21.30","21.30","21.48","21.46","22.46","20.65","N/A","0","281442"
"03:40:00","03:56:00","21.46","21.40","21.30","21.30","21.48","21.46","22.46","20.65","N/A","0","283792"
"03:42:00","03:57:00","21.46","21.40","21.30","21.30","21.48","21.46","22.46","20.65","N/A","0","287396"
"03:42:00","03:58:00","21.46","21.40","21.30","21.30","21.48","21.45","22.46","20.65","N/A","0","288539"
"03:43:00","03:59:00","21.46","21.40","21.30","21.30","21.48","21.45","22.46","20.65","N/A","0","288639"
"03:44:00","04:00:00","21.45","21.40","21.30","21.30","21.48","21.46","22.46","20.65","N/A","0","288739"
"04:00:00","09:31:00","21.40","21.40","0.00","0.00","0.00","21.40","22.46","20.65","N/A","0","0"
"04:00:00","09:32:00","21.40","21.40","0.00","0.00","0.00","21.40","22.46","20.65","N/A","0","0"
"04:00:00","09:33:00","21.40","21.40","0.00","0.00","0.00","21.40","22.46","20.65","N/A","0","0"
"04:00:00","09:34:00","21.40","21.40","0.00","0.00","0.00","21.40","22.46","20.65","N/A","0","0"
"04:00:00","09:35:00","21.40","21.40","0.00","0.00","0.00","21.40","22.46","20.65","N/A","0","0"
"04:00:00","09:36:00","21.40","21.40","0.00","0.00","0.00","21.40","22.46","20.65","N/A","0","0"
"04:00:00","09:37:00","21.40","21.40","0.00","0.00","0.00","21.40","22.46","20.65","N/A","0","0"
"04:00:00","09:38:00","21.40","21.40","0.00","0.00","0.00","21.40","22.46","20.65","N/A","0","0"
"04:00:00","09:39:00","21.40","21.40","0.00","0.00","0.00","21.40","22.46","20.65","N/A","0","0"
"04:00:00","09:40:00","21.40","21.40","0.00","0.00","0.00","21.40","22.46","20.65","N/A","0","0"
"04:00:00","09:41:00","21.40","21.40","0.00","0.00","0.00","21.40","22.46","20.65","N/A","0","0"
"04:00:00","09:43:00","21.40","21.40","0.00","0.00","0.00","21.40","22.46","20.65","N/A","0","0"
"04:00:00","09:44:00","21.40","21.40","0.00","0.00","0.00","21.40","22.46","20.65","N/A","0","0"
"09:30:00","09:46:00","21.40","21.40","21.30","21.30","21.30","21.30","22.46","20.65","N/A","0","10719"
"09:31:00","09:47:00","21.40","21.40","21.30","21.30","21.35","21.32","22.46","20.65","N/A","0","11219"
"09:31:00","09:48:00","21.40","21.40","21.30","21.30","21.35","21.32","22.46","20.65","N/A","0","11219"
"09:33:00","09:49:00","21.40","21.40","21.30","21.30","21.35","21.35","22.46","20.65","N/A","0","11819"
"09:36:00","09:51:00","21.40","21.40","21.30","21.30","21.36","21.33","22.46","20.65","N/A","0","12219"
"09:36:00","09:52:00","21.40","21.40","21.30","21.30","21.37","21.37","22.46","20.65","N/A","0","12449"
"09:36:00","09:53:00","21.40","21.40","21.30","21.30","21.37","21.37","22.46","20.65","N/A","0","12449"
"09:36:00","09:54:00","21.40","21.40","21.30","21.30","21.37","21.37","22.46","20.65","N/A","0","12449"
"09:36:00","09:55:00","21.40","21.40","21.30","21.30","21.37","21.37","22.46","20.65","N/A","0","12449"
"09:41:00","09:56:00","21.40","21.40","21.30","21.30","21.37","21.36","22.46","20.65","N/A","0","13049"
"09:42:00","09:57:00","21.40","21.40","21.30","21.30","21.38","21.38","22.46","20.65","N/A","0","13386"
"09:42:00","10:00:00","21.39","21.40","21.30","21.30","21.38","21.38","22.46","20.65","N/A","0","13433"
"09:46:00","10:02:00","21.38","21.40","21.30","21.30","21.38","21.33","22.46","20.65","N/A","0","14138"
"09:48:00","10:03:00","21.39","21.40","21.30","21.30","21.38","21.38","22.46","20.65","N/A","0","14638"
"09:48:00","10:05:00","21.37","21.40","21.30","21.30","21.38","21.37","22.46","20.65","N/A","0","15818"
"09:53:00","10:08:00","21.38","21.40","21.30","21.30","21.38","21.37","22.46","20.65","N/A","0","16176"
"09:53:00","10:09:00","21.38","21.40","21.30","21.30","21.38","21.38","22.46","20.65","N/A","0","16276"
"09:55:00","10:10:00","21.38","21.40","21.30","21.30","21.38","21.35","22.46","20.65","N/A","0","17224"
"09:55:00","10:13:00","21.39","21.40","21.30","21.30","21.38","21.35","22.46","20.65","N/A","0","17224"
"09:55:00","10:14:00","21.39","21.40","21.30","21.30","21.38","21.35","22.46","20.65","N/A","0","17224"
"09:55:00","10:15:00","21.39","21.40","21.30","21.30","21.38","21.35","22.46","20.65","N/A","0","17224"
"10:01:00","10:16:00","21.40","21.40","21.30","21.30","21.40","21.40","22.46","20.65","N/A","0","17454"
"10:01:00","10:17:00","21.40","21.40","21.30","21.30","21.40","21.40","22.46","20.65","N/A","0","17454"
"10:02:00","10:18:00","21.40","21.40","21.30","21.30","21.40","21.36","22.46","20.65","N/A","0","17954"
"10:02:00","10:19:00","21.40","21.40","21.30","21.30","21.40","21.36","22.46","20.65","N/A","0","17954"
"10:05:00","10:20:00","21.40","21.40","21.30","21.30","21.40","21.40","22.46","20.65","N/A","0","18154"
"10:05:00","10:21:00","21.40","21.40","21.30","21.30","21.40","21.40","22.46","20.65","N/A","0","18154"
"10:06:00","10:22:00","21.40","21.40","21.30","21.30","21.40","21.40","22.46","20.65","N/A","0","18609"
"10:07:00","10:24:00","21.40","21.40","21.30","21.30","21.40","21.36","22.46","20.65","N/A","0","18968"
"10:10:00","10:25:00","21.40","21.40","21.30","21.30","21.40","21.40","22.46","20.65","N/A","0","19443"
"10:11:00","10:26:00","21.42","21.40","21.30","21.30","21.42","21.42","22.46","20.65","N/A","0","26560"
"10:11:00","10:27:00","21.41","21.40","21.30","21.30","21.42","21.42","22.46","20.65","N/A","0","26560"
"10:13:00","10:29:00","21.41","21.40","21.30","21.30","21.42","21.38","22.46","20.65","N/A","0","26685"
"10:15:00","10:30:00","21.41","21.40","21.30","21.30","21.42","21.41","22.46","20.65","N/A","0","27645"
"10:16:00","10:31:00","21.41","21.40","21.30","21.30","21.42","21.38","22.46","20.65","N/A","0","28290"
"10:16:00","10:32:00","21.41","21.40","21.30","21.30","21.42","21.38","22.46","20.65","N/A","0","28290"
"10:16:00","10:33:00","21.41","21.40","21.30","21.30","21.42","21.38","22.46","20.65","N/A","0","28290"
"10:19:00","10:34:00","21.41","21.40","21.30","21.30","21.42","21.40","22.46","20.65","N/A","0","28390"
"10:19:00","10:36:00","21.41","21.40","21.30","21.30","21.42","21.40","22.46","20.65","N/A","0","28390"
"10:21:00","10:37:00","21.41","21.40","21.30","21.30","21.42","21.41","22.46","20.65","N/A","0","29057"
"10:23:00","10:38:00","21.41","21.40","21.30","21.30","21.42","21.40","22.46","20.65","N/A","0","29557"
"10:23:00","10:39:00","21.41","21.40","21.30","21.30","21.42","21.40","22.46","20.65","N/A","0","29557"
"10:23:00","10:40:00","21.41","21.40","21.30","21.30","21.42","21.40","22.46","20.65","N/A","0","29629"
"10:23:00","10:41:00","21.41","21.40","21.30","21.30","21.42","21.40","22.46","20.65","N/A","0","29629"
"10:27:00","10:42:00","21.41","21.40","21.30","21.30","21.42","21.39","22.46","20.65","N/A","0","30079"
"10:27:00","10:43:00","21.41","21.40","21.30","21.30","21.42","21.39","22.46","20.65","N/A","0","30079"
"10:27:00","10:44:00","21.41","21.40","21.30","21.30","21.42","21.39","22.46","20.65","N/A","0","30079"
"10:27:00","10:45:00","21.41","21.40","21.30","21.30","21.42","21.39","22.46","20.65","N/A","0","30140"
"10:31:00","10:46:00","21.41","21.40","21.30","21.30","21.42","21.41","22.46","20.65","N/A","0","31346"
"10:31:00","10:47:00","21.42","21.40","21.30","21.30","21.42","21.41","22.46","20.65","N/A","0","31396"
"10:31:00","10:48:00","21.42","21.40","21.30","21.30","21.42","21.41","22.46","20.65","N/A","0","31396"
"10:34:00","10:50:00","21.42","21.40","21.30","21.30","21.42","21.38","22.46","20.65","N/A","0","31845"
"10:34:00","10:51:00","21.42","21.40","21.30","21.30","21.42","21.38","22.46","20.65","N/A","0","31845"
"10:34:00","10:52:00","21.42","21.40","21.30","21.30","21.42","21.38","22.46","20.65","N/A","0","31845"
"10:37:00","10:53:00","21.42","21.40","21.30","21.30","21.42","21.39","22.46","20.65","N/A","0","32030"
"10:37:00","10:54:00","21.42","21.40","21.30","21.30","21.42","21.39","22.46","20.65","N/A","0","32030"
"10:39:00","10:55:00","21.43","21.40","21.30","21.30","21.42","21.42","22.46","20.65","N/A","0","33530"
"10:39:00","10:56:00","21.43","21.40","21.30","21.30","21.42","21.42","22.46","20.65","N/A","0","33530"
"10:39:00","10:57:00","21.43","21.40","21.30","21.30","21.42","21.42","22.46","20.65","N/A","0","33530"
"10:39:00","10:58:00","21.43","21.40","21.30","21.30","21.42","21.42","22.46","20.65","N/A","0","33530"
"10:39:00","10:59:00","21.43","21.40","21.30","21.30","21.42","21.42","22.46","20.65","N/A","0","33530"
"10:44:00","11:01:00","21.43","21.40","21.30","21.30","21.42","21.40","22.46","20.65","N/A","0","33754"
"10:46:00","11:02:00","21.43","21.40","21.30","21.30","21.42","21.42","22.46","20.65","N/A","0","34754"
"10:49:00","11:04:00","21.43","21.40","21.30","21.30","21.43","21.43","22.46","20.65","N/A","0","35946"
"10:49:00","11:05:00","21.43","21.40","21.30","21.30","21.43","21.43","22.46","20.65","N/A","0","35969"
"10:51:00","11:06:00","21.43","21.40","21.30","21.30","21.43","21.43","22.46","20.65","N/A","0","37717"
"10:52:00","11:07:00","21.43","21.40","21.30","21.30","21.43","21.43","22.46","20.65","N/A","0","38594"
"10:52:00","11:08:00","21.43","21.40","21.30","21.30","21.43","21.41","22.46","20.65","N/A","0","39659"
"10:53:00","11:09:00","21.43","21.40","21.30","21.30","21.43","21.40","22.46","20.65","N/A","0","40039"
"10:54:00","11:10:00","21.43","21.40","21.30","21.30","21.43","21.42","22.46","20.65","N/A","0","40946"
"10:54:00","11:11:00","21.43","21.40","21.30","21.30","21.43","21.42","22.46","20.65","N/A","0","40946"
"10:56:00","11:12:00","21.43","21.40","21.30","21.30","21.43","21.43","22.46","20.65","N/A","0","41246"
"10:56:00","11:13:00","21.42","21.40","21.30","21.30","21.43","21.43","22.46","20.65","N/A","0","41246"
"10:58:00","11:14:00","21.42","21.40","21.30","21.30","21.43","21.42","22.46","20.65","N/A","0","41844"
"10:59:00","11:15:00","21.42","21.40","21.30","21.30","21.43","21.42","22.46","20.65","N/A","0","42444"
"11:00:00","11:16:00","21.42","21.40","21.30","21.30","21.43","21.40","22.46","20.65","N/A","0","43994"
"11:00:00","11:17:00","21.42","21.40","21.30","21.30","21.43","21.40","22.46","20.65","N/A","0","44069"
"11:03:00","11:19:00","21.43","21.40","21.30","21.30","21.43","21.43","22.46","20.65","N/A","0","45409"
"11:03:00","11:20:00","21.41","21.40","21.30","21.30","21.43","21.43","22.46","20.65","N/A","0","45409"
"11:06:00","11:21:00","21.41","21.40","21.30","21.30","21.43","21.40","22.46","20.65","N/A","0","46866"
"11:07:00","11:22:00","21.41","21.40","21.30","21.30","21.43","21.40","22.46","20.65","N/A","0","47406"
"11:07:00","11:23:00","21.41","21.40","21.30","21.30","21.43","21.40","22.46","20.65","N/A","0","47406"
"11:07:00","11:24:00","21.42","21.40","21.30","21.30","21.43","21.40","22.46","20.65","N/A","0","47406"
"11:10:00","11:26:00","21.42","21.40","21.30","21.30","21.43","21.41","22.46","20.65","N/A","0","48531"
"11:10:00","11:27:00","21.42","21.40","21.30","21.30","21.43","21.41","22.46","20.65","N/A","0","48531"
"11:13:00","11:28:00","21.42","21.40","21.30","21.30","21.43","21.42","22.46","20.65","N/A","0","48655"
"11:13:00","11:29:00","21.42","21.40","21.30","21.30","21.43","21.42","22.46","20.65","N/A","0","49255"
"11:15:00","11:30:00","21.42","21.40","21.30","21.30","21.43","21.42","22.46","20.65","N/A","0","51198"
"11:17:00","11:32:00","21.42","21.40","21.30","21.30","21.43","21.41","22.46","20.65","N/A","0","53828"
"11:18:00","11:33:00","21.43","21.40","21.30","21.30","21.43","21.43","22.46","20.65","N/A","0","55993"
"11:18:00","11:34:00","21.43","21.40","21.30","21.30","21.43","21.43","22.46","20.65","N/A","0","55993"
"11:21:00","11:36:00","21.43","21.40","21.30","21.30","21.43","21.42","22.46","20.65","N/A","0","60043"
"11:21:00","11:37:00","21.43","21.40","21.30","21.30","21.43","21.42","22.46","20.65","N/A","0","60043"
"11:23:00","11:38:00","21.43","21.40","21.30","21.30","21.43","21.43","22.46","20.65","N/A","0","61262"
"11:23:00","11:39:00","21.43","21.40","21.30","21.30","21.43","21.43","22.46","20.65","N/A","0","61262"
"11:25:00","11:41:00","21.44","21.40","21.30","21.30","21.44","21.44","22.46","20.65","N/A","0","64762"
"11:26:00","11:42:00","21.45","21.40","21.30","21.30","21.45","21.45","22.46","20.65","N/A","0","65262"
"11:26:00","11:43:00","21.45","21.40","21.30","21.30","21.45","21.45","22.46","20.65","N/A","0","65312"
"11:26:00","11:44:00","21.45","21.40","21.30","21.30","21.45","21.45","22.46","20.65","N/A","0","65312"
"11:26:00","11:45:00","21.45","21.40","21.30","21.30","21.45","21.45","22.46","20.65","N/A","0","65312"
"11:26:00","11:47:00","21.45","21.40","21.30","21.30","21.45","21.45","22.46","20.65","N/A","0","65312"
"11:26:00","11:48:00","21.45","21.40","21.30","21.30","21.45","21.45","22.46","20.65","N/A","0","65312"
"11:26:00","11:49:00","21.45","21.40","21.30","21.30","21.45","21.45","22.46","20.65","N/A","0","65312"
"11:26:00","11:51:00","21.43","21.40","21.30","21.30","21.45","21.45","22.46","20.65","N/A","0","65312"
"11:26:00","11:52:00","21.43","21.40","21.30","21.30","21.45","21.45","22.46","20.65","N/A","0","65312"
"11:26:00","11:53:00","21.42","21.40","21.30","21.30","21.45","21.45","22.46","20.65","N/A","0","65312"
"11:26:00","11:54:00","21.42","21.40","21.30","21.30","21.45","21.45","22.46","20.65","N/A","0","65312"
"11:26:00","11:55:00","21.42","21.40","21.30","21.30","21.45","21.45","22.46","20.65","N/A","0","65312"
"11:26:00","11:56:00","21.42","21.40","21.30","21.30","21.45","21.45","22.46","20.65","N/A","0","65312"
"11:26:00","11:57:00","21.42","21.40","21.30","21.30","21.45","21.45","22.46","20.65","N/A","0","65312"
"11:26:00","11:58:00","21.41","21.40","21.30","21.30","21.45","21.45","22.46","20.65","N/A","0","65312"
"11:44:00","11:59:00","21.41","21.40","21.30","21.30","21.45","21.39","22.46","20.65","N/A","0","65412"
"11:46:00","12:01:00","21.41","21.40","21.30","21.30","21.45","21.39","22.46","20.65","N/A","0","66362"
"11:46:00","12:02:00","21.41","21.40","21.30","21.30","21.45","21.39","22.46","20.65","N/A","0","66362"
"11:48:00","12:03:00","21.41","21.40","21.30","21.30","21.45","21.40","22.46","20.65","N/A","0","66641"
"11:48:00","12:04:00","21.41","21.40","21.30","21.30","21.45","21.41","22.46","20.65","N/A","0","67441"
"11:48:00","12:06:00","21.41","21.40","21.30","21.30","21.45","21.41","22.46","20.65","N/A","0","67441"
"11:48:00","12:07:00","21.41","21.40","21.30","21.30","21.45","21.41","22.46","20.65","N/A","0","67441"
"11:53:00","12:08:00","21.41","21.40","21.30","21.30","21.45","21.41","22.46","20.65","N/A","0","68721"
"11:53:00","12:09:00","21.41","21.40","21.30","21.30","21.45","21.41","22.46","20.65","N/A","0","68721"
"11:55:00","12:11:00","21.41","21.40","21.30","21.30","21.45","21.37","22.46","20.65","N/A","0","68946"
"11:55:00","12:12:00","21.41","21.40","21.30","21.30","21.45","21.37","22.46","20.65","N/A","0","68946"
"11:55:00","12:13:00","21.41","21.40","21.30","21.30","21.45","21.37","22.46","20.65","N/A","0","68946"
"11:59:00","12:14:00","21.41","21.40","21.30","21.30","21.45","21.38","22.46","20.65","N/A","0","69086"
"11:59:00","12:15:00","21.41","21.40","21.30","21.30","21.45","21.38","22.46","20.65","N/A","0","70162"
"12:00:00","12:16:00","21.41","21.40","21.30","21.30","21.45","21.39","22.46","20.65","N/A","0","70295"
"12:00:00","12:17:00","21.41","21.40","21.30","21.30","21.45","21.39","22.46","20.65","N/A","0","70295"
"12:02:00","12:18:00","21.41","21.40","21.30","21.30","21.45","21.41","22.46","20.65","N/A","0","71445"
"12:03:00","12:19:00","21.42","21.40","21.30","21.30","21.45","21.39","22.46","20.65","N/A","0","71992"
"12:03:00","12:20:00","21.42","21.40","21.30","21.30","21.45","21.39","22.46","20.65","N/A","0","71997"
"12:03:00","12:21:00","21.42","21.40","21.30","21.30","21.45","21.39","22.46","20.65","N/A","0","71997"
"12:03:00","12:22:00","21.42","21.40","21.30","21.30","21.45","21.39","22.46","20.65","N/A","0","71997"
"12:08:00","12:24:00","21.42","21.40","21.30","21.30","21.45","21.42","22.46","20.65","N/A","0","72274"
"12:10:00","12:25:00","21.43","21.40","21.30","21.30","21.45","21.41","22.46","20.65","N/A","0","72574"
"12:10:00","12:26:00","21.43","21.40","21.30","21.30","21.45","21.41","22.46","20.65","N/A","0","72574"
"12:10:00","12:27:00","21.43","21.40","21.30","21.30","21.45","21.41","22.46","20.65","N/A","0","72574"
"12:12:00","12:28:00","21.43","21.40","21.30","21.30","21.45","21.39","22.46","20.65","N/A","0","72986"
"12:12:00","12:29:00","21.40","21.40","21.30","21.30","21.45","21.39","22.46","20.65","N/A","0","72986"
"12:15:00","12:31:00","21.44","21.40","21.30","21.30","21.45","21.40","22.46","20.65","N/A","0","73486"
"12:15:00","12:33:00","21.44","21.40","21.30","21.30","21.45","21.40","22.46","20.65","N/A","0","73486"
"12:18:00","12:34:00","21.44","21.40","21.30","21.30","21.45","21.43","22.46","20.65","N/A","0","73586"
"12:18:00","12:35:00","21.44","21.40","21.30","21.30","21.45","21.43","22.46","20.65","N/A","0","73586"
"12:18:00","12:36:00","21.44","21.40","21.30","21.30","21.45","21.43","22.46","20.65","N/A","0","73586"
"12:22:00","12:37:00","21.44","21.40","21.30","21.30","21.45","21.44","22.46","20.65","N/A","0","74921"
"12:23:00","12:38:00","21.44","21.40","21.30","21.30","21.45","21.44","22.46","20.65","N/A","0","75888"
"12:23:00","12:39:00","21.44","21.40","21.30","21.30","21.45","21.44","22.46","20.65","N/A","0","75888"
"12:23:00","12:40:00","21.44","21.40","21.30","21.30","21.45","21.44","22.46","20.65","N/A","0","75888"
"12:23:00","12:42:00","21.44","21.40","21.30","21.30","21.45","21.44","22.46","20.65","N/A","0","75888"
"12:28:00","12:43:00","21.44","21.40","21.30","21.30","21.45","21.40","22.46","20.65","N/A","0","76458"
"12:28:00","12:44:00","21.44","21.40","21.30","21.30","21.45","21.40","22.46","20.65","N/A","0","76458"
"12:30:00","12:46:00","21.44","21.40","21.30","21.30","21.45","21.43","22.46","20.65","N/A","0","76598"
"12:31:00","12:47:00","21.44","21.40","21.30","21.30","21.45","21.43","22.46","20.65","N/A","0","83718"
"12:31:00","12:48:00","21.44","21.40","21.30","21.30","21.45","21.43","22.46","20.65","N/A","0","83718"
"12:34:00","12:49:00","21.44","21.40","21.30","21.30","21.45","21.44","22.46","20.65","N/A","0","88599"
"12:35:00","12:50:00","21.44","21.40","21.30","21.30","21.45","21.42","22.46","20.65","N/A","0","89729"
"12:35:00","12:51:00","21.44","21.40","21.30","21.30","21.45","21.44","22.46","20.65","N/A","0","90129"
"12:35:00","12:52:00","21.44","21.40","21.30","21.30","21.45","21.44","22.46","20.65","N/A","0","90129"
"12:35:00","12:53:00","21.44","21.40","21.30","21.30","21.45","21.44","22.46","20.65","N/A","0","90129"
"12:39:00","12:54:00","21.44","21.40","21.30","21.30","21.45","21.44","22.46","20.65","N/A","0","99879"
"12:40:00","12:55:00","21.44","21.40","21.30","21.30","21.45","21.44","22.46","20.65","N/A","0","100779"
"12:40:00","12:56:00","21.44","21.40","21.30","21.30","21.45","21.44","22.46","20.65","N/A","0","100779"
"12:40:00","12:57:00","21.44","21.40","21.30","21.30","21.45","21.44","22.46","20.65","N/A","0","100779"
"12:40:00","12:58:00","21.44","21.40","21.30","21.30","21.45","21.44","22.46","20.65","N/A","0","100809"
"12:40:00","12:59:00","21.44","21.40","21.30","21.30","21.45","21.44","22.46","20.65","N/A","0","100809"
