"12:44:00","01:00:00","32.59","33.85","33.55","32.20","33.68","32.59","47.66","24.67","N/A","0","9882178"
"12:47:00","01:03:00","32.54","33.85","33.55","32.20","33.68","32.53","47.66","24.67","N/A","0","10003828"
"12:48:00","01:04:00","32.51","33.85","33.55","32.20","33.68","32.51","47.66","24.67","N/A","0","10015997"
"12:50:00","01:06:00","32.66","33.85","33.55","32.20","33.68","32.66","47.66","24.67","N/A","0","10081057"
"12:52:00","01:07:00","32.74","33.85","33.55","32.20","33.68","32.75","47.66","24.67","N/A","0","10164739"
"12:54:00","01:09:00","32.76","33.85","33.55","32.20","33.68","32.74","47.66","24.67","N/A","0","10234753"
"12:55:00","01:10:00","32.72","33.85","33.55","32.20","33.68","32.72","47.66","24.67","N/A","0","10261372"
"12:56:00","01:11:00","32.74","33.85","33.55","32.20","33.68","32.74","47.66","24.67","N/A","0","10279280"
"12:57:00","01:12:00","32.84","33.85","33.55","32.20","33.68","32.83","47.66","24.67","N/A","0","10319608"
"12:58:00","01:13:00","32.81","33.85","33.55","32.20","33.68","32.81","47.66","24.67","N/A","0","10373319"
"12:59:00","01:14:00","32.82","33.85","33.55","32.20","33.68","32.82","47.66","24.67","N/A","0","10392626"
"01:00:00","01:15:00","32.84","33.85","33.55","32.20","33.68","32.85","47.66","24.67","N/A","0","10429496"
"01:01:00","01:16:00","32.85","33.85","33.55","32.20","33.68","32.89","47.66","24.67","N/A","0","10480271"
"01:02:00","01:17:00","32.81","33.85","33.55","32.20","33.68","32.79","47.66","24.67","N/A","0","10528758"
"01:03:00","01:18:00","32.81","33.85","33.55","32.20","33.68","32.80","47.66","24.67","N/A","0","10582232"
"01:04:00","01:19:00","32.79","33.85","33.55","32.20","33.68","32.78","47.66","24.67","N/A","0","10589932"
"01:05:00","01:20:00","32.81","33.85","33.55","32.20","33.68","32.82","47.66","24.67","N/A","0","10618537"
"01:06:00","01:21:00","32.87","33.85","33.55","32.20","33.68","32.85","47.66","24.67","N/A","0","10641137"
"01:07:00","01:22:00","32.86","33.85","33.55","32.20","33.68","32.86","47.66","24.67","N/A","0","10649887"
"01:08:00","01:23:00","32.87","33.85","33.55","32.20","33.68","32.86","47.66","24.67","N/A","0","10655612"
"01:09:00","01:24:00","32.87","33.85","33.55","32.20","33.68","32.85","47.66","24.67","N/A","0","10675586"
"01:10:00","01:25:00","32.85","33.85","33.55","32.20","33.68","32.84","47.66","24.67","N/A","0","10700167"
"01:11:00","01:26:00","32.83","33.85","33.55","32.20","33.68","32.82","47.66","24.67","N/A","0","10741889"
"01:12:00","01:27:00","32.74","33.85","33.55","32.20","33.68","32.74","47.66","24.67","N/A","0","10806250"
"01:13:00","01:28:00","32.75","33.85","33.55","32.20","33.68","32.74","47.66","24.67","N/A","0","10832110"
"01:14:00","01:29:00","32.78","33.85","33.55","32.20","33.68","32.78","47.66","24.67","N/A","0","10845239"
"01:16:00","01:31:00","32.70","33.85","33.55","32.20","33.68","32.70","47.66","24.67","N/A","0","10885378"
"01:17:00","01:32:00","32.76","33.85","33.55","32.20","33.68","32.76","47.66","24.67","N/A","0","10908462"
"01:18:00","01:33:00","32.78","33.85","33.55","32.20","33.68","32.76","47.66","24.67","N/A","0","10926810"
"01:19:00","01:34:00","32.76","33.85","33.55","32.20","33.68","32.75","47.66","24.67","N/A","0","10937346"
"01:20:00","01:35:00","32.78","33.85","33.55","32.20","33.68","32.77","47.66","24.67","N/A","0","10959636"
"01:21:00","01:36:00","32.80","33.85","33.55","32.20","33.68","32.80","47.66","24.67","N/A","0","10987842"
"01:22:00","01:37:00","32.80","33.85","33.55","32.20","33.68","32.79","47.66","24.67","N/A","0","11013162"
"01:23:00","01:38:00","32.79","33.85","33.55","32.20","33.68","32.79","47.66","24.67","N/A","0","11017482"
"01:24:00","01:39:00","32.75","33.85","33.55","32.20","33.68","32.74","47.66","24.67","N/A","0","11032131"
"01:25:00","01:40:00","32.76","33.85","33.55","32.20","33.68","32.75","47.66","24.67","N/A","0","11042716"
"01:25:00","01:41:00","32.77","33.85","33.55","32.20","33.68","32.76","47.66","24.67","N/A","0","11050866"
"01:27:00","01:42:00","32.85","33.85","33.55","32.20","33.68","32.85","47.66","24.67","N/A","0","11147038"
"01:28:00","01:43:00","32.85","33.85","33.55","32.20","33.68","32.87","47.66","24.67","N/A","0","11185624"
"01:29:00","01:44:00","32.88","33.85","33.55","32.20","33.68","32.88","47.66","24.67","N/A","0","11211342"
"01:30:00","01:45:00","32.95","33.85","33.55","32.20","33.68","32.94","47.66","24.67","N/A","0","11342724"
"01:31:00","01:46:00","32.97","33.85","33.55","32.20","33.68","32.96","47.66","24.67","N/A","0","11377781"
"01:32:00","01:47:00","32.97","33.85","33.55","32.20","33.68","32.96","47.66","24.67","N/A","0","11419183"
"01:33:00","01:48:00","32.97","33.85","33.55","32.20","33.68","32.97","47.66","24.67","N/A","0","11502199"
"01:34:00","01:49:00","32.99","33.85","33.55","32.20","33.68","32.98","47.66","24.67","N/A","0","11515918"
"01:36:00","01:51:00","32.93","33.85","33.55","32.20","33.68","32.91","47.66","24.67","N/A","0","11554261"
"01:38:00","01:53:00","32.90","33.85","33.55","32.20","33.68","32.90","47.66","24.67","N/A","0","11615440"
"01:39:00","01:54:00","32.90","33.85","33.55","32.20","33.68","32.90","47.66","24.67","N/A","0","11650405"
"01:40:00","01:55:00","32.87","33.85","33.55","32.20","33.68","32.86","47.66","24.67","N/A","0","11681995"
"01:40:00","01:56:00","32.85","33.85","33.55","32.20","33.68","32.85","47.66","24.67","N/A","0","11755759"
"01:42:00","01:57:00","32.75","33.85","33.55","32.20","33.68","32.74","47.66","24.67","N/A","0","11874330"
"01:43:00","01:58:00","32.76","33.85","33.55","32.20","33.68","32.76","47.66","24.67","N/A","0","11937177"
"01:44:00","01:59:00","32.75","33.85","33.55","32.20","33.68","32.74","47.66","24.67","N/A","0","11952932"
"01:45:00","02:00:00","32.77","33.85","33.55","32.20","33.68","32.76","47.66","24.67","N/A","0","11971426"
"01:46:00","02:01:00","32.79","33.85","33.55","32.20","33.68","32.79","47.66","24.67","N/A","0","11986254"
"01:47:00","02:02:00","32.79","33.85","33.55","32.20","33.68","32.78","47.66","24.67","N/A","0","12002766"
"01:48:00","02:03:00","32.85","33.85","33.55","32.20","33.68","32.85","47.66","24.67","N/A","0","12015265"
"01:49:00","02:04:00","32.85","33.85","33.55","32.20","33.68","32.84","47.66","24.67","N/A","0","12026484"
"01:50:00","02:05:00","32.86","33.85","33.55","32.20","33.68","32.85","47.66","24.67","N/A","0","12041459"
"01:51:00","02:06:00","32.82","33.85","33.55","32.20","33.68","32.79","47.66","24.67","N/A","0","12074293"
"01:52:00","02:07:00","32.84","33.85","33.55","32.20","33.68","32.84","47.66","24.67","N/A","0","12097891"
"01:53:00","02:08:00","32.86","33.85","33.55","32.20","33.68","32.86","47.66","24.67","N/A","0","12126048"
"01:54:00","02:09:00","32.90","33.85","33.55","32.20","33.68","32.90","47.66","24.67","N/A","0","12132939"
"01:55:00","02:11:00","32.89","33.85","33.55","32.20","33.68","32.88","47.66","24.67","N/A","0","12145781"
"01:57:00","02:12:00","32.79","33.85","33.55","32.20","33.68","32.78","47.66","24.67","N/A","0","12213055"
"01:58:00","02:13:00","32.76","33.85","33.55","32.20","33.68","32.76","47.66","24.67","N/A","0","12223605"
"02:00:00","02:15:00","32.80","33.85","33.55","32.20","33.68","32.79","47.66","24.67","N/A","0","12253664"
"02:02:00","02:17:00","32.85","33.85","33.55","32.20","33.68","32.85","47.66","24.67","N/A","0","12294734"
"02:03:00","02:18:00","32.88","33.85","33.55","32.20","33.68","32.87","47.66","24.67","N/A","0","12307024"
"02:05:00","02:20:00","32.81","33.85","33.55","32.20","33.68","32.81","47.66","24.67","N/A","0","12351491"
"02:05:00","02:21:00","32.83","33.85","33.55","32.20","33.68","32.82","47.66","24.67","N/A","0","12364600"
"02:07:00","02:22:00","32.85","33.85","33.55","32.20","33.68","32.85","47.66","24.67","N/A","0","12391589"
"02:08:00","02:23:00","32.88","33.85","33.55","32.20","33.68","32.87","47.66","24.67","N/A","0","12405412"
"02:10:00","02:25:00","33.04","33.85","33.55","32.20","33.68","33.03","47.66","24.67","N/A","0","12598410"
"02:12:00","02:27:00","33.07","33.85","33.55","32.20","33.68","33.06","47.66","24.67","N/A","0","12646278"
"02:12:00","02:28:00","33.06","33.85","33.55","32.20","33.68","33.06","47.66","24.67","N/A","0","12669551"
"02:18:00","02:33:00","33.02","33.85","33.55","32.20","33.68","33.04","47.66","24.67","N/A","0","12828967"
"02:19:00","02:34:00","33.07","33.85","33.55","32.20","33.68","33.06","47.66","24.67","N/A","0","12877133"
"02:20:00","02:35:00","33.06","33.85","33.55","32.20","33.68","33.05","47.66","24.67","N/A","0","12981731"
"02:21:00","02:36:00","33.07","33.85","33.55","32.20","33.68","33.07","47.66","24.67","N/A","0","12994742"
"02:22:00","02:37:00","33.08","33.85","33.55","32.20","33.68","33.07","47.66","24.67","N/A","0","13005948"
"02:23:00","02:38:00","33.07","33.85","33.55","32.20","33.68","33.07","47.66","24.67","N/A","0","13019690"
"02:26:00","02:41:00","33.14","33.85","33.55","32.20","33.68","33.14","47.66","24.67","N/A","0","13079846"
"02:27:00","02:42:00","33.20","33.85","33.55","32.20","33.68","33.19","47.66","24.67","N/A","0","13120966"
"02:29:00","02:44:00","33.21","33.85","33.55","32.20","33.68","33.21","47.66","24.67","N/A","0","13150102"
"02:30:00","02:45:00","33.24","33.85","33.55","32.20","33.68","33.24","47.66","24.67","N/A","0","13273560"
"02:31:00","02:46:00","33.30","33.85","33.55","32.20","33.68","33.29","47.66","24.67","N/A","0","13335660"
"02:32:00","02:47:00","33.20","33.85","33.55","32.20","33.68","33.20","47.66","24.67","N/A","0","13384453"
"02:34:00","02:49:00","33.13","33.85","33.55","32.20","33.68","33.13","47.66","24.67","N/A","0","13462224"
"02:35:00","02:50:00","33.07","33.85","33.55","32.20","33.68","33.07","47.66","24.67","N/A","0","13514265"
"02:37:00","02:52:00","33.06","33.85","33.55","32.20","33.68","33.07","47.66","24.67","N/A","0","13569529"
"02:38:00","02:54:00","33.06","33.85","33.55","32.20","33.68","33.06","47.66","24.67","N/A","0","13644827"
"02:40:00","02:55:00","33.09","33.85","33.55","32.20","33.68","33.08","47.66","24.67","N/A","0","13677235"
"02:41:00","02:56:00","33.05","33.85","33.55","32.20","33.68","33.05","47.66","24.67","N/A","0","13717870"
"02:42:00","02:57:00","33.00","33.85","33.55","32.20","33.68","32.96","47.66","24.67","N/A","0","13801612"
"02:44:00","02:59:00","32.95","33.85","33.55","32.20","33.68","32.95","47.66","24.67","N/A","0","13852019"
"02:46:00","03:01:00","32.89","33.85","33.55","32.20","33.68","32.88","47.66","24.67","N/A","0","13916666"
"02:47:00","03:02:00","32.93","33.85","33.55","32.20","33.68","32.92","47.66","24.67","N/A","0","13992025"
"02:48:00","03:03:00","32.96","33.85","33.55","32.20","33.68","32.99","47.66","24.67","N/A","0","14009636"
"02:49:00","03:04:00","32.98","33.85","33.55","32.20","33.68","32.97","47.66","24.67","N/A","0","14048987"
"02:51:00","03:06:00","32.97","33.85","33.55","32.20","33.68","32.96","47.66","24.67","N/A","0","14058262"
"02:52:00","03:07:00","33.01","33.85","33.55","32.20","33.68","33.01","47.66","24.67","N/A","0","14086817"
"02:53:00","03:08:00","33.01","33.85","33.55","32.20","33.68","33.02","47.66","24.67","N/A","0","14111062"
"02:54:00","03:09:00","33.02","33.85","33.55","32.20","33.68","33.01","47.66","24.67","N/A","0","14125880"
"02:55:00","03:10:00","33.01","33.85","33.55","32.20","33.68","33.00","47.66","24.67","N/A","0","14164988"
"02:56:00","03:11:00","33.04","33.85","33.55","32.20","33.68","33.04","47.66","24.67","N/A","0","14253567"
"02:58:00","03:13:00","33.08","33.85","33.55","32.20","33.68","33.07","47.66","24.67","N/A","0","14335048"
"02:59:00","03:14:00","33.09","33.85","33.55","32.20","33.68","33.08","47.66","24.67","N/A","0","14358197"
"03:00:00","03:15:00","33.06","33.85","33.55","32.20","33.68","33.05","47.66","24.67","N/A","0","14379632"
"03:01:00","03:16:00","33.03","33.85","33.55","32.20","33.68","33.04","47.66","24.67","N/A","0","14419397"
"03:02:00","03:17:00","33.01","33.85","33.55","32.20","33.68","33.00","47.66","24.67","N/A","0","14452439"
"03:03:00","03:18:00","33.05","33.85","33.55","32.20","33.68","33.04","47.66","24.67","N/A","0","14461491"
"03:04:00","03:19:00","33.13","33.85","33.55","32.20","33.68","33.13","47.66","24.67","N/A","0","14559684"
"03:05:00","03:20:00","33.10","33.85","33.55","32.20","33.68","33.11","47.66","24.67","N/A","0","14612308"
"03:06:00","03:21:00","33.09","33.85","33.55","32.20","33.68","33.09","47.66","24.67","N/A","0","14634458"
"03:07:00","03:22:00","33.06","33.85","33.55","32.20","33.68","33.06","47.66","24.67","N/A","0","14656069"
"03:08:00","03:23:00","33.07","33.85","33.55","32.20","33.68","33.04","47.66","24.67","N/A","0","14702294"
"03:09:00","03:24:00","33.00","33.85","33.55","32.20","33.68","33.00","47.66","24.67","N/A","0","14725964"
"03:10:00","03:25:00","33.04","33.85","33.55","32.20","33.68","33.04","47.66","24.67","N/A","0","14748714"
"03:11:00","03:26:00","32.94","33.85","33.55","32.20","33.68","32.95","47.66","24.67","N/A","0","14799392"
"03:13:00","03:28:00","33.02","33.85","33.55","32.20","33.68","33.02","47.66","24.67","N/A","0","14869670"
"03:14:00","03:29:00","32.97","33.85","33.55","32.20","33.68","32.96","47.66","24.67","N/A","0","14898752"
"03:15:00","03:30:00","32.92","33.85","33.55","32.20","33.68","32.90","47.66","24.67","N/A","0","14919386"
"03:16:00","03:31:00","32.91","33.85","33.55","32.20","33.68","32.91","47.66","24.67","N/A","0","14958353"
"03:17:00","03:32:00","32.84","33.85","33.55","32.20","33.68","32.81","47.66","24.67","N/A","0","14984369"
"03:18:00","03:33:00","32.84","33.85","33.55","32.20","33.68","32.84","47.66","24.67","N/A","0","15034871"
"03:18:00","03:34:00","32.87","33.85","33.55","32.20","33.68","32.87","47.66","24.67","N/A","0","15048870"
"03:21:00","03:36:00","32.89","33.85","33.55","32.20","33.68","32.89","47.66","24.67","N/A","0","15069958"
"03:22:00","03:37:00","32.95","33.85","33.55","32.20","33.68","32.94","47.66","24.67","N/A","0","15095289"
"03:23:00","03:38:00","32.95","33.85","33.55","32.20","33.68","32.95","47.66","24.67","N/A","0","15127189"
"03:24:00","03:39:00","33.03","33.85","33.55","32.20","33.68","33.02","47.66","24.67","N/A","0","15165084"
"03:25:00","03:40:00","33.10","33.85","33.55","32.20","33.68","33.10","47.66","24.67","N/A","0","15231331"
"03:26:00","03:41:00","33.10","33.85","33.55","32.20","33.68","33.10","47.66","24.67","N/A","0","15252135"
"03:27:00","03:42:00","33.08","33.85","33.55","32.20","33.68","33.09","47.66","24.67","N/A","0","15299816"
"03:29:00","03:44:00","33.12","33.85","33.55","32.20","33.68","33.12","47.66","24.67","N/A","0","15321487"
"03:31:00","03:46:00","33.20","33.85","33.55","32.20","33.68","33.19","47.66","24.67","N/A","0","15462200"
"03:32:00","03:47:00","33.21","33.85","33.55","32.20","33.68","33.20","47.66","24.67","N/A","0","15476214"
"03:32:00","03:48:00","33.21","33.85","33.55","32.20","33.68","33.21","47.66","24.67","N/A","0","15494724"
"03:33:00","03:49:00","33.19","33.85","33.55","32.20","33.68","33.17","47.66","24.67","N/A","0","15511569"
"03:36:00","03:51:00","33.17","33.85","33.55","32.20","33.68","33.17","47.66","24.67","N/A","0","15611756"
"03:38:00","03:53:00","33.19","33.85","33.55","32.20","33.68","33.19","47.66","24.67","N/A","0","15718392"
"03:38:00","03:54:00","33.11","33.85","33.55","32.20","33.68","33.10","47.66","24.67","N/A","0","15782504"
"03:41:00","03:56:00","33.05","33.85","33.55","32.20","33.68","33.05","47.66","24.67","N/A","0","15836039"
"03:42:00","03:57:00","33.12","33.85","33.55","32.20","33.68","33.12","47.66","24.67","N/A","0","15898147"
"03:43:00","03:58:00","33.10","33.85","33.55","32.20","33.68","33.10","47.66","24.67","N/A","0","15937986"
"03:44:00","03:59:00","33.10","33.85","33.55","32.20","33.68","33.10","47.66","24.67","N/A","0","15955175"
"03:45:00","04:00:00","33.10","33.85","33.55","32.20","33.68","33.09","47.66","24.67","N/A","0","15967333"
"04:00:00","09:31:00","33.55","33.85","0.00","0.00","0.00","33.85","47.66","24.67","N/A","0","29505"
"04:00:00","09:32:00","33.54","33.85","0.00","0.00","0.00","33.85","47.66","24.67","N/A","0","29805"
"04:00:00","09:33:00","33.52","33.85","0.00","0.00","0.00","33.85","47.66","24.67","N/A","0","29805"
"04:00:00","09:34:00","33.50","33.85","0.00","0.00","0.00","33.85","47.66","24.67","N/A","0","30805"
"04:00:00","09:35:00","33.52","33.85","0.00","0.00","0.00","33.85","47.66","24.67","N/A","0","30805"
"04:00:00","09:36:00","33.52","33.85","0.00","0.00","0.00","33.85","47.66","24.67","N/A","0","31405"
"04:00:00","09:37:00","33.50","33.85","0.00","0.00","0.00","33.85","47.66","24.67","N/A","0","31905"
"04:00:00","09:38:00","33.45","33.85","0.00","0.00","0.00","33.85","47.66","24.67","N/A","0","40705"
"04:00:00","09:39:00","33.45","33.85","0.00","0.00","0.00","33.85","47.66","24.67","N/A","0","40955"
"04:00:00","09:40:00","33.45","33.85","0.00","0.00","0.00","33.85","47.66","24.67","N/A","0","41555"
"04:00:00","09:41:00","33.49","33.85","0.00","0.00","0.00","33.85","47.66","24.67","N/A","0","42855"
"04:00:00","09:43:00","33.49","33.85","0.00","0.00","0.00","33.85","47.66","24.67","N/A","0","48708"
"09:30:00","09:45:00","33.53","33.85","33.55","33.51","33.56","33.51","47.66","24.67","N/A","0","95938"
"09:31:00","09:46:00","33.45","33.85","33.55","33.44","33.56","33.44","47.66","24.67","N/A","0","215176"
"09:32:00","09:47:00","33.56","33.85","33.55","33.44","33.56","33.53","47.66","24.67","N/A","0","295073"
"09:33:00","09:48:00","33.55","33.85","33.55","33.44","33.57","33.55","47.66","24.67","N/A","0","339548"
"09:34:00","09:49:00","33.53","33.85","33.55","33.44","33.57","33.52","47.66","24.67","N/A","0","374307"
"09:36:00","09:51:00","33.58","33.85","33.55","33.44","33.58","33.58","47.66","24.67","N/A","0","453015"
"09:37:00","09:52:00","33.67","33.85","33.55","33.44","33.68","33.66","47.66","24.67","N/A","0","542290"
"09:38:00","09:53:00","33.63","33.85","33.55","33.44","33.68","33.66","47.66","24.67","N/A","0","617520"
"09:39:00","09:54:00","33.61","33.85","33.55","33.44","33.68","33.61","47.66","24.67","N/A","0","679490"
"09:40:00","09:55:00","33.53","33.85","33.55","33.44","33.68","33.52","47.66","24.67","N/A","0","737203"
"09:41:00","09:56:00","33.40","33.85","33.55","33.39","33.68","33.39","47.66","24.67","N/A","0","875223"
"09:43:00","09:58:00","33.44","33.85","33.55","33.35","33.68","33.42","47.66","24.67","N/A","0","1047468"
"09:47:00","10:02:00","33.31","33.85","33.55","33.28","33.68","33.30","47.66","24.67","N/A","0","1349713"
"09:48:00","10:03:00","33.37","33.85","33.55","33.28","33.68","33.36","47.66","24.67","N/A","0","1422534"
"09:50:00","10:05:00","33.16","33.85","33.55","33.12","33.68","33.20","47.66","24.67","N/A","0","1670818"
"09:53:00","10:08:00","33.27","33.85","33.55","33.12","33.68","33.27","47.66","24.67","N/A","0","1897436"
"09:54:00","10:09:00","33.19","33.85","33.55","33.12","33.68","33.18","47.66","24.67","N/A","0","2021043"
"09:55:00","10:10:00","33.22","33.85","33.55","33.12","33.68","33.23","47.66","24.67","N/A","0","2094649"
"09:58:00","10:13:00","33.28","33.85","33.55","33.12","33.68","33.28","47.66","24.67","N/A","0","2278932"
"09:59:00","10:14:00","33.24","33.85","33.55","33.12","33.68","33.24","47.66","24.67","N/A","0","2336997"
"09:59:00","10:15:00","33.19","33.85","33.55","33.12","33.68","33.16","47.66","24.67","N/A","0","2394403"
"10:01:00","10:16:00","33.15","33.85","33.55","33.01","33.68","33.15","47.66","24.67","N/A","0","2687426"
"10:02:00","10:17:00","33.14","33.85","33.55","33.01","33.68","33.16","47.66","24.67","N/A","0","2737445"
"10:03:00","10:18:00","33.26","33.85","33.55","33.01","33.68","33.25","47.66","24.67","N/A","0","2826097"
"10:04:00","10:19:00","33.22","33.85","33.55","33.01","33.68","33.22","47.66","24.67","N/A","0","2911732"
"10:05:00","10:20:00","33.26","33.85","33.55","33.01","33.68","33.25","47.66","24.67","N/A","0","2943641"
"10:06:00","10:21:00","33.23","33.85","33.55","33.01","33.68","33.24","47.66","24.67","N/A","0","2996577"
"10:07:00","10:22:00","33.23","33.85","33.55","33.01","33.68","33.23","47.66","24.67","N/A","0","3023383"
"10:08:00","10:23:00","33.23","33.85","33.55","33.01","33.68","33.23","47.66","24.67","N/A","0","3065850"
"10:09:00","10:24:00","33.22","33.85","33.55","33.01","33.68","33.22","47.66","24.67","N/A","0","3075318"
"10:10:00","10:25:00","33.24","33.85","33.55","33.01","33.68","33.24","47.66","24.67","N/A","0","3120710"
"10:11:00","10:27:00","33.21","33.85","33.55","33.01","33.68","33.22","47.66","24.67","N/A","0","3153146"
"10:13:00","10:28:00","33.30","33.85","33.55","33.01","33.68","33.29","47.66","24.67","N/A","0","3354264"
"10:14:00","10:29:00","33.25","33.85","33.55","33.01","33.68","33.22","47.66","24.67","N/A","0","3390739"
"10:15:00","10:30:00","33.22","33.85","33.55","33.01","33.68","33.22","47.66","24.67","N/A","0","3424979"
"10:16:00","10:31:00","33.25","33.85","33.55","33.01","33.68","33.26","47.66","24.67","N/A","0","3476620"
"10:17:00","10:32:00","33.26","33.85","33.55","33.01","33.68","33.26","47.66","24.67","N/A","0","3489949"
"10:18:00","10:33:00","33.27","33.85","33.55","33.01","33.68","33.27","47.66","24.67","N/A","0","3499625"
"10:19:00","10:34:00","33.40","33.85","33.55","33.01","33.68","33.40","47.66","24.67","N/A","0","3693821"
"10:20:00","10:35:00","33.39","33.85","33.55","33.01","33.68","33.39","47.66","24.67","N/A","0","3758751"
"10:21:00","10:36:00","33.39","33.85","33.55","33.01","33.68","33.39","47.66","24.67","N/A","0","3788166"
"10:22:00","10:37:00","33.34","33.85","33.55","33.01","33.68","33.34","47.66","24.67","N/A","0","3826286"
"10:23:00","10:38:00","33.28","33.85","33.55","33.01","33.68","33.27","47.66","24.67","N/A","0","3861597"
"10:24:00","10:39:00","33.21","33.85","33.55","33.01","33.68","33.21","47.66","24.67","N/A","0","3929098"
"10:25:00","10:40:00","33.13","33.85","33.55","33.01","33.68","33.12","47.66","24.67","N/A","0","4019169"
"10:26:00","10:41:00","33.18","33.85","33.55","33.01","33.68","33.18","47.66","24.67","N/A","0","4064416"
"10:27:00","10:42:00","33.17","33.85","33.55","33.01","33.68","33.17","47.66","24.67","N/A","0","4097130"
"10:28:00","10:43:00","33.15","33.85","33.55","33.01","33.68","33.14","47.66","24.67","N/A","0","4114806"
"10:29:00","10:44:00","33.17","33.85","33.55","33.01","33.68","33.17","47.66","24.67","N/A","0","4155402"
"10:30:00","10:45:00","33.15","33.85","33.55","33.01","33.68","33.14","47.66","24.67","N/A","0","4199396"
"10:31:00","10:46:00","33.11","33.85","33.55","33.01","33.68","33.10","47.66","24.67","N/A","0","4227400"
"10:33:00","10:48:00","33.16","33.85","33.55","33.01","33.68","33.13","47.66","24.67","N/A","0","4253146"
"10:34:00","10:49:00","33.15","33.85","33.55","33.01","33.68","33.15","47.66","24.67","N/A","0","4268256"
"10:35:00","10:50:00","33.12","33.85","33.55","33.01","33.68","33.11","47.66","24.67","N/A","0","4310820"
"10:36:00","10:51:00","33.00","33.85","33.55","32.98","33.68","32.99","47.66","24.67","N/A","0","4475237"
"10:37:00","10:52:00","33.06","33.85","33.55","32.98","33.68","33.09","47.66","24.67","N/A","0","4555134"
"10:38:00","10:53:00","33.11","33.85","33.55","32.98","33.68","33.10","47.66","24.67","N/A","0","4586093"
"10:39:00","10:54:00","33.12","33.85","33.55","32.98","33.68","33.12","47.66","24.67","N/A","0","4601816"
"10:41:00","10:56:00","33.17","33.85","33.55","32.98","33.68","33.16","47.66","24.67","N/A","0","4644608"
"10:42:00","10:57:00","33.18","33.85","33.55","32.98","33.68","33.17","47.66","24.67","N/A","0","4669916"
"10:42:00","10:58:00","33.17","33.85","33.55","32.98","33.68","33.18","47.66","24.67","N/A","0","4681421"
"10:44:00","10:59:00","33.16","33.85","33.55","32.98","33.68","33.15","47.66","24.67","N/A","0","4733934"
"10:46:00","11:01:00","33.16","33.85","33.55","32.98","33.68","33.15","47.66","24.67","N/A","0","4792567"
"10:47:00","11:02:00","33.13","33.85","33.55","32.98","33.68","33.13","47.66","24.67","N/A","0","4824273"
"10:47:00","11:03:00","33.16","33.85","33.55","32.98","33.68","33.18","47.66","24.67","N/A","0","4838851"
"10:49:00","11:04:00","33.23","33.85","33.55","32.98","33.68","33.22","47.66","24.67","N/A","0","4972708"
"10:50:00","11:05:00","33.17","33.85","33.55","32.98","33.68","33.17","47.66","24.67","N/A","0","5003131"
"10:51:00","11:06:00","33.13","33.85","33.55","32.98","33.68","33.12","47.66","24.67","N/A","0","5040750"
"10:52:00","11:07:00","33.16","33.85","33.55","32.98","33.68","33.14","47.66","24.67","N/A","0","5090212"
"10:53:00","11:08:00","33.15","33.85","33.55","32.98","33.68","33.14","47.66","24.67","N/A","0","5111262"
"10:54:00","11:09:00","33.12","33.85","33.55","32.98","33.68","33.11","47.66","24.67","N/A","0","5138175"
"10:55:00","11:10:00","33.08","33.85","33.55","32.98","33.68","33.08","47.66","24.67","N/A","0","5158526"
"10:56:00","11:11:00","33.08","33.85","33.55","32.98","33.68","33.08","47.66","24.67","N/A","0","5167610"
"10:57:00","11:12:00","33.00","33.85","33.55","32.97","33.68","33.01","47.66","24.67","N/A","0","5236816"
"10:58:00","11:13:00","32.98","33.85","33.55","32.97","33.68","32.98","47.66","24.67","N/A","0","5292247"
"10:59:00","11:14:00","32.98","33.85","33.55","32.95","33.68","32.98","47.66","24.67","N/A","0","5335698"
"11:00:00","11:15:00","32.97","33.85","33.55","32.95","33.68","32.96","47.66","24.67","N/A","0","5376003"
"11:01:00","11:16:00","32.98","33.85","33.55","32.91","33.68","32.97","47.66","24.67","N/A","0","5462837"
"11:02:00","11:17:00","32.95","33.85","33.55","32.91","33.68","32.97","47.66","24.67","N/A","0","5497048"
"11:04:00","11:19:00","32.93","33.85","33.55","32.91","33.68","32.93","47.66","24.67","N/A","0","5560461"
"11:06:00","11:21:00","32.85","33.85","33.55","32.82","33.68","32.82","47.66","24.67","N/A","0","5699163"
"11:07:00","11:22:00","32.83","33.85","33.55","32.79","33.68","32.84","47.66","24.67","N/A","0","5769898"
"11:08:00","11:23:00","32.86","33.85","33.55","32.79","33.68","32.85","47.66","24.67","N/A","0","5884415"
"11:08:00","11:24:00","32.72","33.85","33.55","32.70","33.68","32.71","47.66","24.67","N/A","0","5984699"
"11:10:00","11:25:00","32.75","33.85","33.55","32.70","33.68","32.75","47.66","24.67","N/A","0","6049133"
"11:11:00","11:26:00","32.75","33.85","33.55","32.67","33.68","32.74","47.66","24.67","N/A","0","6191133"
"11:12:00","11:27:00","32.73","33.85","33.55","32.65","33.68","32.72","47.66","24.67","N/A","0","6247634"
"11:13:00","11:28:00","32.69","33.85","33.55","32.65","33.68","32.70","47.66","24.67","N/A","0","6272904"
"11:14:00","11:29:00","32.68","33.85","33.55","32.63","33.68","32.67","47.66","24.67","N/A","0","6308997"
"11:16:00","11:31:00","32.81","33.85","33.55","32.63","33.68","32.80","47.66","24.67","N/A","0","6352646"
"11:17:00","11:32:00","32.88","33.85","33.55","32.63","33.68","32.88","47.66","24.67","N/A","0","6405973"
"11:18:00","11:33:00","32.83","33.85","33.55","32.63","33.68","32.83","47.66","24.67","N/A","0","6453495"
"11:19:00","11:34:00","32.86","33.85","33.55","32.63","33.68","32.85","47.66","24.67","N/A","0","6550580"
"11:21:00","11:36:00","32.95","33.85","33.55","32.63","33.68","32.95","47.66","24.67","N/A","0","6749177"
"11:22:00","11:37:00","32.92","33.85","33.55","32.63","33.68","32.92","47.66","24.67","N/A","0","6766107"
"11:23:00","11:38:00","32.96","33.85","33.55","32.63","33.68","32.96","47.66","24.67","N/A","0","6777132"
"11:24:00","11:40:00","32.93","33.85","33.55","32.63","33.68","32.91","47.66","24.67","N/A","0","6786399"
"11:26:00","11:41:00","32.93","33.85","33.55","32.63","33.68","32.92","47.66","24.67","N/A","0","6795821"
"11:27:00","11:42:00","32.85","33.85","33.55","32.63","33.68","32.85","47.66","24.67","N/A","0","6819187"
"11:28:00","11:43:00","32.86","33.85","33.55","32.63","33.68","32.86","47.66","24.67","N/A","0","6823496"
"11:28:00","11:44:00","32.78","33.85","33.55","32.63","33.68","32.86","47.66","24.67","N/A","0","6823496"
"11:28:00","11:45:00","32.78","33.85","33.55","32.63","33.68","32.86","47.66","24.67","N/A","0","6823496"
"11:30:00","11:46:00","32.75","33.85","33.55","32.63","33.68","32.75","47.66","24.67","N/A","0","6824608"
"11:32:00","11:47:00","32.75","33.85","33.55","32.63","33.68","32.76","47.66","24.67","N/A","0","6846366"
"11:33:00","11:48:00","32.75","33.85","33.55","32.63","33.68","32.75","47.66","24.67","N/A","0","6858591"
"11:35:00","11:50:00","32.75","33.85","33.55","32.63","33.68","32.59","47.66","24.67","N/A","0","6922425"
"11:35:00","11:51:00","32.59","33.85","33.55","32.63","33.68","32.63","47.66","24.67","N/A","0","6960570"
"11:35:00","11:53:00","32.59","33.85","33.55","32.63","33.68","32.63","47.66","24.67","N/A","0","6960570"
"11:35:00","11:54:00","32.59","33.85","33.55","32.63","33.68","32.63","47.66","24.67","N/A","0","6960570"
"11:40:00","11:55:00","32.51","33.85","33.55","32.63","33.68","32.50","47.66","24.67","N/A","0","6993118"
"11:40:00","11:56:00","32.52","33.85","33.55","32.63","33.68","32.52","47.66","24.67","N/A","0","6996724"
"11:41:00","11:57:00","32.52","33.85","33.55","32.63","33.68","32.51","47.66","24.67","N/A","0","6997624"
"11:43:00","11:58:00","32.44","33.85","33.55","32.39","33.68","32.43","47.66","24.67","N/A","0","7121625"
"11:44:00","11:59:00","32.46","33.85","33.55","32.39","33.68","32.45","47.66","24.67","N/A","0","7193232"
"11:46:00","12:01:00","32.58","33.85","33.55","32.39","33.68","32.58","47.66","24.67","N/A","0","7345557"
"11:47:00","12:02:00","32.58","33.85","33.55","32.39","33.68","32.57","47.66","24.67","N/A","0","7384582"
"11:48:00","12:03:00","32.54","33.85","33.55","32.39","33.68","32.53","47.66","24.67","N/A","0","7404218"
"11:49:00","12:04:00","32.51","33.85","33.55","32.39","33.68","32.52","47.66","24.67","N/A","0","7421092"
"11:51:00","12:06:00","32.50","33.85","33.55","32.39","33.68","32.49","47.66","24.67","N/A","0","7482456"
"11:52:00","12:07:00","32.59","33.85","33.55","32.39","33.68","32.60","47.66","24.67","N/A","0","7548102"
"11:53:00","12:08:00","32.62","33.85","33.55","32.39","33.68","32.62","47.66","24.67","N/A","0","7658179"
"11:55:00","12:10:00","32.66","33.85","33.55","32.39","33.68","32.66","47.66","24.67","N/A","0","7728508"
"11:56:00","12:11:00","32.66","33.85","33.55","32.39","33.68","32.65","47.66","24.67","N/A","0","7829521"
"11:57:00","12:12:00","32.68","33.85","33.55","32.39","33.68","32.66","47.66","24.67","N/A","0","7922750"
"11:58:00","12:13:00","32.59","33.85","33.55","32.39","33.68","32.59","47.66","24.67","N/A","0","7955908"
"11:59:00","12:14:00","32.55","33.85","33.55","32.39","33.68","32.54","47.66","24.67","N/A","0","7977312"
"12:00:00","12:15:00","32.53","33.85","33.55","32.39","33.68","32.51","47.66","24.67","N/A","0","7996146"
"12:01:00","12:16:00","32.52","33.85","33.55","32.39","33.68","32.51","47.66","24.67","N/A","0","8023471"
"12:02:00","12:17:00","32.51","33.85","33.55","32.39","33.68","32.50","47.66","24.67","N/A","0","8056815"
"12:03:00","12:18:00","32.46","33.85","33.55","32.39","33.68","32.46","47.66","24.67","N/A","0","8112695"
"12:04:00","12:19:00","32.38","33.85","33.55","32.36","33.68","32.38","47.66","24.67","N/A","0","8244663"
"12:06:00","12:21:00","32.44","33.85","33.55","32.36","33.68","32.44","47.66","24.67","N/A","0","8332312"
"12:07:00","12:22:00","32.49","33.85","33.55","32.36","33.68","32.49","47.66","24.67","N/A","0","8405356"
"12:07:00","12:23:00","32.47","33.85","33.55","32.36","33.68","32.47","47.66","24.67","N/A","0","8473545"
"12:09:00","12:24:00","32.48","33.85","33.55","32.36","33.68","32.47","47.66","24.67","N/A","0","8502232"
"12:10:00","12:25:00","32.53","33.85","33.55","32.36","33.68","32.53","47.66","24.67","N/A","0","8542758"
"12:11:00","12:26:00","32.55","33.85","33.55","32.36","33.68","32.55","47.66","24.67","N/A","0","8636637"
"12:12:00","12:27:00","32.54","33.85","33.55","32.36","33.68","32.54","47.66","24.67","N/A","0","8652500"
"12:13:00","12:28:00","32.51","33.85","33.55","32.36","33.68","32.51","47.66","24.67","N/A","0","8678018"
"12:14:00","12:29:00","32.48","33.85","33.55","32.36","33.68","32.47","47.66","24.67","N/A","0","8716533"
"12:17:00","12:32:00","32.46","33.85","33.55","32.36","33.68","32.46","47.66","24.67","N/A","0","8767626"
"12:18:00","12:33:00","32.46","33.85","33.55","32.36","33.68","32.46","47.66","24.67","N/A","0","8788649"
"12:20:00","12:35:00","32.48","33.85","33.55","32.36","33.68","32.47","47.66","24.67","N/A","0","8807384"
"12:21:00","12:36:00","32.47","33.85","33.55","32.36","33.68","32.47","47.66","24.67","N/A","0","8841503"
"12:21:00","12:37:00","32.41","33.85","33.55","32.36","33.68","32.41","47.66","24.67","N/A","0","8883996"
"12:23:00","12:38:00","32.43","33.85","33.55","32.36","33.68","32.42","47.66","24.67","N/A","0","8922642"
"12:24:00","12:39:00","32.45","33.85","33.55","32.36","33.68","32.44","47.66","24.67","N/A","0","8936868"
"12:26:00","12:41:00","32.29","33.85","33.55","32.20","33.68","32.29","47.66","24.67","N/A","0","9188006"
"12:27:00","12:42:00","32.30","33.85","33.55","32.20","33.68","32.30","47.66","24.67","N/A","0","9223475"
"12:28:00","12:43:00","32.29","33.85","33.55","32.20","33.68","32.30","47.66","24.67","N/A","0","9274608"
"12:30:00","12:45:00","32.33","33.85","33.55","32.20","33.68","32.31","47.66","24.67","N/A","0","9298524"
"12:31:00","12:46:00","32.34","33.85","33.55","32.20","33.68","32.33","47.66","24.67","N/A","0","9441211"
"12:32:00","12:47:00","32.36","33.85","33.55","32.20","33.68","32.36","47.66","24.67","N/A","0","9464801"
"12:33:00","12:48:00","32.37","33.85","33.55","32.20","33.68","32.37","47.66","24.67","N/A","0","9494038"
"12:34:00","12:49:00","32.37","33.85","33.55","32.20","33.68","32.36","47.66","24.67","N/A","0","9541012"
"12:35:00","12:50:00","32.42","33.85","33.55","32.20","33.68","32.39","47.66","24.67","N/A","0","9558122"
"12:36:00","12:51:00","32.44","33.85","33.55","32.20","33.68","32.45","47.66","24.67","N/A","0","9600012"
"12:37:00","12:52:00","32.44","33.85","33.55","32.20","33.68","32.44","47.66","24.67","N/A","0","9636086"
"12:38:00","12:53:00","32.46","33.85","33.55","32.20","33.68","32.45","47.66","24.67","N/A","0","9656343"
"12:39:00","12:54:00","32.47","33.85","33.55","32.20","33.68","32.46","47.66","24.67","N/A","0","9681146"
"12:40:00","12:56:00","32.52","33.85","33.55","32.20","33.68","32.52","47.66","24.67","N/A","0","9745128"
"12:42:00","12:57:00","32.56","33.85","33.55","32.20","33.68","32.56","47.66","24.67","N/A","0","9814764"
"12:44:00","12:59:00","32.57","33.85","33.55","32.20","33.68","32.56","47.66","24.67","N/A","0","9824915"
